Ad_ID,Ad_Type,Visual_Complexity,Clicks,Time_Spent,Engagement_Score,Age_Group,Gender,Device_Type,Conversion_Rate,Bounce_Rate,CTR,Frame_Data,User_Movement_Data
1,AR,High,238,41,52,18-24,F,Desktop,8.72%,25.92%,5.09%,frame_5,no movement
2,2D,Medium,116,44,87,35-44,M,Mobile,7.99%,9.05%,9.02%,frame_5,"gaze, movement"
3,AR,Medium,300,23,90,25-34,F,Mobile,1.65%,11.32%,7.57%,frame_10,movement only
4,3D,High,65,120,61,18-24,M,Desktop,6.22%,39.11%,3.64%,frame_4,movement only
5,AR,Low,92,65,93,25-34,F,Tablet,8.31%,15.94%,14.97%,frame_8,no movement
6,2D,High,273,63,80,25-34,M,Desktop,8.06%,25.38%,2.92%,frame_4,no movement
7,3D,Medium,72,109,56,25-34,F,Desktop,6.22%,23.35%,6.28%,frame_4,no movement
8,3D,High,107,41,57,18-24,F,Mobile,3.26%,11.74%,10.93%,frame_7,"gaze, movement"
9,2D,High,56,105,73,25-34,M,Mobile,7.33%,11.18%,12.26%,frame_6,movement only
10,AR,Medium,261,36,61,25-34,M,Desktop,6.85%,15.10%,8.37%,frame_4,"gaze, movement"
11,3D,High,297,44,88,45-54,M,Desktop,2.74%,33.27%,4.23%,frame_7,"gaze, movement"
12,3D,High,20,33,91,35-44,M,Mobile,3.20%,5.97%,1.09%,frame_9,"gaze, movement"
13,AR,High,86,28,71,18-24,M,Mobile,2.80%,33.53%,9.86%,frame_4,movement only
14,2D,Medium,113,82,82,25-34,F,Desktop,3.99%,15.65%,7.02%,frame_8,movement only
15,AR,High,85,97,58,35-44,M,Mobile,2.46%,33.38%,12.98%,frame_2,movement only
16,2D,High,31,43,87,35-44,M,Desktop,7.09%,26.90%,11.00%,frame_6,"gaze, movement"
17,AR,Medium,179,115,90,35-44,M,Mobile,4.11%,12.45%,9.59%,frame_9,movement only
18,AR,Medium,184,18,62,18-24,M,Mobile,6.52%,34.05%,1.93%,frame_5,no movement
19,3D,Medium,249,108,85,25-34,M,Mobile,9.42%,7.59%,11.88%,frame_5,"gaze, movement"
20,2D,Low,237,80,93,35-44,F,Mobile,4.58%,25.36%,1.37%,frame_3,movement only
21,AR,Medium,232,23,84,25-34,M,Desktop,5.49%,11.30%,5.28%,frame_2,movement only
22,3D,Low,197,54,70,35-44,F,Mobile,3.50%,32.95%,12.80%,frame_2,"gaze, movement"
23,3D,Medium,159,10,80,55+,F,Mobile,6.85%,17.26%,10.43%,frame_5,"gaze, movement"
24,3D,Medium,118,37,58,25-34,M,Desktop,5.04%,13.38%,4.92%,frame_1,no movement
25,2D,Medium,298,45,57,18-24,F,Mobile,6.06%,26.19%,10.58%,frame_2,"gaze, movement"
26,AR,High,151,27,73,25-34,M,Desktop,7.22%,35.97%,12.16%,frame_8,movement only
27,3D,Medium,69,120,56,25-34,F,Desktop,8.38%,10.98%,4.92%,frame_2,movement only
28,3D,Medium,249,60,82,35-44,M,Desktop,4.01%,28.67%,5.69%,frame_9,"gaze, movement"
29,AR,Medium,95,52,80,25-34,M,Tablet,1.29%,36.66%,8.31%,frame_1,movement only
30,2D,High,238,117,76,25-34,M,Mobile,2.61%,6.73%,2.16%,frame_10,"gaze, movement"
31,3D,Medium,257,30,52,45-54,F,Mobile,9.26%,32.48%,7.49%,frame_7,movement only
32,AR,High,145,105,95,18-24,F,Mobile,4.32%,37.20%,13.69%,frame_7,no movement
33,3D,High,10,54,54,45-54,M,Desktop,4.26%,35.74%,5.39%,frame_7,movement only
34,2D,Medium,85,108,59,35-44,M,Mobile,3.56%,15.03%,14.06%,frame_7,movement only
35,AR,Medium,69,81,79,45-54,M,Mobile,9.78%,7.06%,13.84%,frame_6,no movement
36,AR,Medium,252,64,78,18-24,M,Mobile,9.08%,14.11%,10.16%,frame_3,no movement
37,2D,High,152,19,90,18-24,M,Mobile,1.30%,32.57%,4.70%,frame_9,movement only
38,2D,Medium,203,88,96,35-44,M,Mobile,7.05%,25.96%,13.41%,frame_2,no movement
39,3D,High,102,105,97,35-44,F,Desktop,1.89%,31.34%,11.13%,frame_5,movement only
40,AR,High,246,35,59,25-34,F,Mobile,2.47%,24.65%,2.23%,frame_7,movement only
41,2D,Medium,282,56,71,18-24,F,Desktop,1.91%,14.73%,11.24%,frame_8,movement only
42,3D,Medium,166,58,59,18-24,F,Mobile,6.31%,17.05%,5.65%,frame_10,movement only
43,3D,Medium,162,95,81,18-24,F,Desktop,6.81%,31.09%,6.61%,frame_4,movement only
44,2D,Medium,23,92,91,25-34,M,Mobile,3.59%,9.47%,8.62%,frame_9,"gaze, movement"
45,2D,Low,92,114,62,25-34,F,Mobile,9.38%,25.35%,12.86%,frame_10,movement only
46,AR,Medium,200,99,95,35-44,M,Mobile,1.87%,32.21%,14.37%,frame_10,movement only
47,AR,Medium,265,69,70,18-24,M,Desktop,8.08%,31.84%,8.90%,frame_4,movement only
48,3D,Medium,32,12,87,25-34,M,Tablet,5.20%,9.91%,10.76%,frame_10,"gaze, movement"
49,3D,Medium,292,112,72,35-44,F,Desktop,2.68%,10.23%,5.44%,frame_4,movement only
50,3D,High,72,99,76,35-44,F,Mobile,5.09%,39.17%,14.93%,frame_4,"gaze, movement"
51,3D,Medium,34,39,54,25-34,M,Mobile,7.51%,14.76%,9.80%,frame_7,movement only
52,AR,High,37,32,57,18-24,F,Mobile,2.83%,34.62%,3.63%,frame_9,"gaze, movement"
53,3D,Medium,156,88,87,45-54,M,Tablet,6.20%,27.75%,6.26%,frame_5,movement only
54,AR,High,285,66,84,25-34,F,Mobile,2.52%,23.15%,8.22%,frame_10,movement only
55,AR,Medium,280,102,66,25-34,F,Mobile,2.00%,25.29%,3.43%,frame_2,no movement
56,2D,Medium,209,102,74,25-34,F,Mobile,7.43%,18.58%,1.68%,frame_5,movement only
57,AR,High,86,35,51,18-24,M,Mobile,8.84%,29.08%,11.04%,frame_7,no movement
58,3D,Medium,237,99,84,35-44,F,Desktop,9.02%,31.65%,9.78%,frame_1,movement only
59,AR,Low,44,67,56,25-34,M,Mobile,3.36%,15.94%,11.61%,frame_2,movement only
60,3D,Medium,175,11,79,18-24,F,Desktop,4.73%,37.13%,4.51%,frame_5,"gaze, movement"
61,3D,High,22,41,50,25-34,F,Mobile,4.38%,11.73%,1.08%,frame_10,movement only
62,3D,Low,292,60,65,25-34,M,Mobile,7.66%,26.74%,4.37%,frame_4,no movement
63,AR,Low,58,85,77,25-34,F,Mobile,9.76%,12.57%,9.93%,frame_6,"gaze, movement"
64,3D,Medium,258,98,60,25-34,F,Mobile,9.95%,32.41%,7.19%,frame_6,movement only
65,AR,Low,15,82,87,25-34,M,Desktop,4.91%,5.35%,9.52%,frame_7,no movement
66,2D,Medium,295,111,69,25-34,F,Mobile,2.77%,31.95%,2.91%,frame_10,"gaze, movement"
67,3D,Medium,25,46,61,18-24,M,Mobile,5.58%,36.49%,10.26%,frame_10,movement only
68,AR,High,253,67,64,25-34,M,Mobile,7.71%,11.69%,13.68%,frame_7,no movement
69,2D,High,158,68,90,25-34,M,Mobile,2.25%,9.69%,1.19%,frame_1,no movement
70,AR,High,299,61,89,35-44,M,Tablet,5.26%,25.28%,13.21%,frame_4,"gaze, movement"
71,3D,Medium,278,18,83,18-24,F,Mobile,4.07%,6.09%,10.45%,frame_10,movement only
72,3D,High,78,104,76,35-44,F,Mobile,8.49%,14.84%,13.83%,frame_6,movement only
73,3D,Medium,220,22,62,45-54,F,Mobile,2.76%,21.32%,5.32%,frame_6,movement only
74,3D,High,120,18,81,25-34,M,Mobile,2.10%,35.91%,9.23%,frame_4,no movement
75,3D,Medium,209,111,67,25-34,F,Mobile,9.85%,15.55%,6.92%,frame_9,movement only
76,AR,Medium,197,19,73,25-34,M,Desktop,5.89%,6.78%,2.68%,frame_9,no movement
77,2D,Low,49,13,70,25-34,F,Mobile,2.78%,8.58%,7.67%,frame_4,movement only
78,AR,Medium,71,42,80,25-34,M,Desktop,9.54%,12.84%,7.73%,frame_6,movement only
79,3D,High,143,46,86,25-34,F,Desktop,4.38%,18.21%,7.22%,frame_9,"gaze, movement"
80,3D,Medium,204,65,53,35-44,M,Tablet,6.87%,27.39%,11.13%,frame_7,no movement
81,3D,Low,84,55,85,18-24,F,Tablet,9.86%,36.24%,10.42%,frame_3,"gaze, movement"
82,AR,Medium,132,25,70,25-34,F,Mobile,3.80%,38.87%,8.27%,frame_4,no movement
83,AR,Medium,122,120,84,25-34,F,Mobile,8.31%,31.07%,3.37%,frame_7,"gaze, movement"
84,AR,High,169,97,59,25-34,F,Desktop,2.27%,24.49%,5.37%,frame_3,"gaze, movement"
85,AR,Medium,126,93,65,25-34,F,Mobile,2.88%,34.34%,14.00%,frame_1,movement only
86,AR,Medium,227,49,55,25-34,M,Desktop,7.63%,36.74%,10.30%,frame_1,"gaze, movement"
87,3D,Medium,219,108,67,25-34,F,Mobile,1.10%,5.00%,6.80%,frame_9,no movement
88,AR,Medium,16,16,98,18-24,M,Tablet,5.19%,25.58%,7.04%,frame_8,movement only
89,AR,High,39,104,100,25-34,M,Tablet,1.47%,23.92%,6.06%,frame_5,no movement
90,AR,High,34,92,65,25-34,M,Mobile,9.91%,28.18%,1.93%,frame_8,"gaze, movement"
91,AR,Low,281,103,76,25-34,F,Mobile,8.11%,12.05%,13.11%,frame_8,movement only
92,3D,Medium,97,92,97,35-44,F,Mobile,5.64%,36.32%,12.38%,frame_1,"gaze, movement"
93,3D,Low,87,106,57,18-24,F,Tablet,7.81%,29.98%,8.59%,frame_3,no movement
94,3D,Medium,153,109,77,18-24,F,Mobile,1.13%,29.14%,4.22%,frame_1,"gaze, movement"
95,3D,High,37,34,93,25-34,M,Mobile,9.90%,9.90%,1.05%,frame_7,movement only
96,AR,High,246,11,94,25-34,M,Tablet,3.92%,23.49%,9.48%,frame_5,"gaze, movement"
97,2D,Low,79,54,68,35-44,M,Tablet,8.36%,22.85%,5.03%,frame_10,"gaze, movement"
98,2D,High,122,66,89,18-24,M,Mobile,4.38%,7.53%,2.20%,frame_3,movement only
99,2D,Medium,48,30,81,45-54,M,Desktop,3.27%,24.09%,10.82%,frame_5,"gaze, movement"
100,AR,High,192,32,67,25-34,M,Mobile,8.29%,16.24%,4.89%,frame_5,movement only
101,3D,Medium,46,78,80,25-34,F,Mobile,7.35%,14.62%,10.68%,frame_10,movement only
102,AR,Low,152,50,89,18-24,F,Mobile,2.18%,34.57%,13.11%,frame_8,movement only
103,3D,Medium,150,20,51,55+,F,Desktop,4.17%,33.37%,8.08%,frame_9,movement only
104,AR,Low,131,66,70,25-34,F,Mobile,8.39%,14.60%,9.45%,frame_8,movement only
105,2D,Medium,203,72,84,35-44,M,Mobile,1.30%,26.94%,12.53%,frame_10,"gaze, movement"
106,AR,Medium,252,27,57,35-44,F,Desktop,8.43%,30.84%,10.09%,frame_10,movement only
107,AR,Medium,228,62,90,25-34,F,Desktop,3.50%,20.26%,13.31%,frame_4,movement only
108,AR,Low,173,109,54,35-44,F,Mobile,7.27%,23.69%,7.24%,frame_6,no movement
109,3D,Low,18,27,70,18-24,M,Mobile,9.40%,12.88%,7.12%,frame_3,movement only
110,AR,Low,289,118,73,35-44,F,Tablet,9.80%,39.62%,8.85%,frame_5,"gaze, movement"
111,2D,Medium,262,58,90,18-24,F,Mobile,5.24%,22.58%,4.76%,frame_3,movement only
112,AR,Medium,77,88,85,25-34,M,Desktop,8.88%,26.31%,10.88%,frame_2,movement only
113,2D,High,149,93,73,18-24,M,Desktop,5.52%,38.40%,3.71%,frame_8,movement only
114,AR,Medium,236,20,99,25-34,F,Desktop,6.61%,9.04%,10.28%,frame_5,movement only
115,AR,High,26,97,62,35-44,F,Desktop,2.07%,39.15%,2.74%,frame_9,"gaze, movement"
116,2D,Medium,134,116,65,25-34,M,Mobile,6.26%,8.37%,4.02%,frame_4,movement only
117,2D,Medium,194,41,60,35-44,M,Mobile,4.35%,19.53%,3.24%,frame_6,no movement
118,3D,Medium,77,43,95,25-34,M,Mobile,1.00%,12.53%,3.46%,frame_10,no movement
119,3D,High,100,31,78,35-44,F,Desktop,7.25%,11.66%,13.08%,frame_6,movement only
120,AR,Low,264,55,59,18-24,F,Desktop,7.84%,33.45%,13.43%,frame_5,movement only
121,2D,Medium,41,54,52,25-34,F,Mobile,9.81%,6.61%,7.38%,frame_3,"gaze, movement"
122,3D,Medium,156,59,61,55+,M,Tablet,2.28%,28.12%,10.05%,frame_4,movement only
123,AR,High,182,65,74,18-24,M,Mobile,3.10%,37.93%,7.80%,frame_8,no movement
124,AR,Low,172,15,94,25-34,M,Mobile,4.13%,24.77%,11.49%,frame_9,no movement
125,2D,Low,150,23,78,18-24,F,Desktop,6.53%,8.95%,11.46%,frame_9,no movement
126,3D,High,35,42,73,18-24,M,Desktop,3.61%,5.00%,8.38%,frame_10,movement only
127,3D,Medium,69,43,96,25-34,M,Desktop,6.44%,19.22%,7.35%,frame_1,no movement
128,AR,High,181,23,86,25-34,M,Desktop,2.87%,22.26%,13.37%,frame_5,"gaze, movement"
129,AR,Medium,211,20,99,25-34,F,Tablet,4.60%,21.76%,13.37%,frame_5,movement only
130,2D,Medium,51,20,50,35-44,F,Mobile,4.46%,25.98%,12.98%,frame_4,movement only
131,3D,Medium,269,95,84,35-44,F,Mobile,2.73%,24.56%,5.35%,frame_8,movement only
132,AR,High,229,67,92,45-54,F,Desktop,6.49%,34.62%,11.46%,frame_8,movement only
133,3D,Medium,83,54,52,18-24,M,Mobile,9.77%,24.23%,2.95%,frame_9,"gaze, movement"
134,3D,Low,293,104,54,18-24,M,Desktop,4.24%,22.87%,7.25%,frame_2,"gaze, movement"
135,2D,High,176,86,78,25-34,M,Mobile,4.59%,15.09%,7.03%,frame_8,no movement
136,3D,Medium,180,112,62,25-34,F,Desktop,6.84%,19.30%,13.34%,frame_5,movement only
137,AR,Medium,268,82,80,25-34,M,Mobile,3.62%,17.56%,7.80%,frame_8,"gaze, movement"
138,2D,Medium,177,31,67,18-24,F,Desktop,9.63%,9.57%,6.50%,frame_7,"gaze, movement"
139,AR,Medium,69,23,81,45-54,M,Desktop,6.62%,31.78%,12.73%,frame_5,no movement
140,AR,Medium,218,115,65,25-34,M,Desktop,3.40%,35.42%,8.91%,frame_10,movement only
141,3D,Medium,271,44,87,18-24,F,Tablet,8.00%,19.01%,5.20%,frame_6,no movement
142,3D,High,246,86,80,55+,F,Mobile,9.14%,36.61%,9.39%,frame_4,"gaze, movement"
143,AR,High,49,70,52,18-24,F,Mobile,4.89%,19.59%,5.97%,frame_10,"gaze, movement"
144,AR,Low,149,55,84,35-44,F,Mobile,3.28%,16.99%,5.41%,frame_2,movement only
145,AR,Medium,44,104,50,35-44,M,Desktop,6.90%,32.60%,2.70%,frame_5,movement only
146,3D,Medium,191,51,67,18-24,F,Mobile,3.39%,28.69%,3.53%,frame_5,movement only
147,AR,Medium,185,80,98,18-24,M,Tablet,2.19%,14.11%,3.76%,frame_2,"gaze, movement"
148,2D,Medium,112,88,93,18-24,F,Mobile,8.39%,25.59%,2.38%,frame_7,"gaze, movement"
149,2D,Medium,215,100,67,25-34,F,Desktop,2.92%,5.27%,4.18%,frame_4,movement only
150,3D,Low,91,33,86,35-44,F,Mobile,7.12%,8.83%,7.26%,frame_2,movement only
151,AR,High,182,71,56,18-24,M,Desktop,2.81%,25.24%,13.66%,frame_3,movement only
152,3D,High,126,20,67,18-24,F,Desktop,2.38%,33.14%,11.70%,frame_8,movement only
153,AR,Medium,272,111,80,35-44,F,Desktop,8.76%,14.11%,10.37%,frame_7,movement only
154,AR,Low,27,76,81,25-34,F,Desktop,2.46%,8.40%,3.20%,frame_6,"gaze, movement"
155,AR,Low,159,34,100,35-44,M,Desktop,8.90%,11.27%,8.81%,frame_3,no movement
156,AR,Low,214,104,80,25-34,M,Desktop,9.36%,6.19%,8.90%,frame_8,no movement
157,2D,Medium,193,70,68,55+,F,Mobile,9.19%,6.74%,5.83%,frame_7,"gaze, movement"
158,2D,Low,296,59,83,25-34,M,Mobile,2.37%,36.76%,1.22%,frame_7,no movement
159,2D,High,289,57,72,25-34,F,Mobile,6.12%,15.61%,5.04%,frame_4,"gaze, movement"
160,AR,Medium,160,86,71,35-44,F,Desktop,3.91%,6.06%,7.41%,frame_5,movement only
161,3D,High,225,57,85,25-34,M,Mobile,9.37%,22.14%,3.73%,frame_9,"gaze, movement"
162,2D,Medium,105,19,55,18-24,F,Desktop,1.66%,16.37%,5.33%,frame_1,no movement
163,AR,Medium,45,55,52,18-24,F,Mobile,7.57%,15.30%,11.14%,frame_3,no movement
164,AR,High,267,43,78,25-34,F,Desktop,4.19%,17.78%,11.45%,frame_3,"gaze, movement"
165,3D,Medium,90,107,90,18-24,F,Mobile,6.39%,22.32%,1.70%,frame_7,"gaze, movement"
166,3D,High,13,14,72,35-44,M,Mobile,2.52%,14.23%,3.12%,frame_6,"gaze, movement"
167,2D,Medium,36,14,51,35-44,M,Mobile,9.38%,30.25%,4.54%,frame_2,"gaze, movement"
168,3D,High,103,52,89,18-24,F,Mobile,9.75%,7.63%,14.96%,frame_5,movement only
169,3D,Low,246,49,93,25-34,F,Mobile,9.53%,34.50%,4.67%,frame_7,movement only
170,3D,Low,61,84,79,18-24,F,Mobile,6.35%,8.53%,12.99%,frame_8,"gaze, movement"
171,3D,Low,264,53,97,25-34,M,Desktop,8.12%,8.02%,11.53%,frame_7,no movement
172,2D,High,282,91,96,18-24,M,Desktop,6.12%,25.41%,7.83%,frame_4,"gaze, movement"
173,3D,High,139,45,67,25-34,F,Mobile,6.86%,14.05%,10.98%,frame_6,"gaze, movement"
174,2D,Medium,126,17,51,25-34,M,Desktop,8.58%,29.57%,2.47%,frame_6,"gaze, movement"
175,3D,High,20,44,80,35-44,F,Mobile,7.12%,5.26%,8.31%,frame_6,movement only
176,3D,High,142,72,100,45-54,F,Desktop,1.48%,30.37%,4.27%,frame_10,"gaze, movement"
177,AR,High,124,100,76,18-24,M,Desktop,9.04%,13.92%,2.36%,frame_6,"gaze, movement"
178,AR,Medium,93,76,95,55+,M,Tablet,7.31%,20.48%,9.85%,frame_2,movement only
179,AR,Medium,238,60,88,35-44,M,Mobile,4.60%,30.88%,10.88%,frame_2,movement only
180,3D,Medium,64,36,63,25-34,F,Mobile,4.34%,32.52%,4.10%,frame_9,no movement
181,3D,High,55,84,60,18-24,M,Mobile,8.88%,25.82%,13.66%,frame_6,movement only
182,3D,Medium,176,114,74,18-24,F,Mobile,5.94%,31.51%,3.02%,frame_7,movement only
183,AR,Medium,127,107,99,25-34,M,Tablet,9.80%,18.61%,9.00%,frame_8,no movement
184,3D,High,265,35,79,35-44,F,Mobile,7.97%,25.20%,3.42%,frame_8,"gaze, movement"
185,2D,Low,92,16,72,25-34,F,Mobile,4.75%,13.34%,8.92%,frame_2,movement only
186,AR,High,189,114,97,25-34,M,Mobile,9.21%,5.55%,7.66%,frame_9,"gaze, movement"
187,2D,Medium,238,82,62,18-24,F,Mobile,6.71%,24.60%,3.97%,frame_5,movement only
188,AR,Medium,65,62,52,18-24,M,Mobile,2.94%,34.57%,13.56%,frame_6,"gaze, movement"
189,2D,Medium,148,54,99,35-44,F,Mobile,6.39%,29.06%,1.77%,frame_8,movement only
190,2D,Low,110,118,71,25-34,F,Mobile,7.97%,36.44%,11.58%,frame_8,"gaze, movement"
191,3D,High,153,118,53,18-24,F,Mobile,4.43%,15.86%,10.99%,frame_1,movement only
192,3D,High,213,82,52,35-44,M,Desktop,9.33%,12.44%,14.12%,frame_7,movement only
193,3D,Medium,204,116,60,25-34,F,Mobile,6.16%,37.36%,2.71%,frame_5,movement only
194,AR,High,134,32,76,25-34,M,Desktop,3.41%,11.77%,13.87%,frame_7,no movement
195,3D,Medium,190,33,72,35-44,M,Tablet,1.50%,8.60%,8.87%,frame_2,no movement
196,AR,High,10,71,80,25-34,M,Mobile,2.17%,18.86%,8.29%,frame_3,no movement
197,2D,Medium,198,12,96,45-54,F,Desktop,9.37%,20.33%,8.71%,frame_2,"gaze, movement"
198,AR,High,188,69,53,45-54,F,Mobile,3.54%,15.05%,14.14%,frame_10,movement only
199,2D,Medium,44,22,54,25-34,M,Mobile,1.84%,5.77%,10.47%,frame_2,movement only
200,2D,Medium,177,40,65,25-34,M,Mobile,6.98%,22.18%,11.78%,frame_7,movement only
201,3D,High,267,46,65,18-24,F,Mobile,5.03%,10.13%,3.63%,frame_9,no movement
202,AR,Medium,110,84,99,45-54,F,Mobile,7.94%,8.88%,5.33%,frame_4,no movement
203,2D,High,202,72,59,25-34,F,Mobile,5.03%,15.74%,2.62%,frame_8,"gaze, movement"
204,AR,Low,72,65,70,45-54,M,Mobile,2.68%,38.13%,5.24%,frame_5,"gaze, movement"
205,AR,Medium,14,27,64,55+,F,Mobile,1.53%,17.38%,1.92%,frame_3,movement only
206,AR,Low,141,44,88,35-44,M,Mobile,7.69%,15.61%,11.19%,frame_10,movement only
207,3D,High,265,25,90,18-24,F,Desktop,3.34%,28.11%,14.76%,frame_3,movement only
208,3D,Medium,20,119,73,25-34,M,Desktop,4.65%,25.88%,13.87%,frame_3,"gaze, movement"
209,2D,High,76,42,52,18-24,F,Desktop,2.26%,23.14%,14.11%,frame_4,"gaze, movement"
210,3D,Medium,298,13,68,25-34,M,Tablet,5.42%,21.24%,9.81%,frame_3,movement only
211,AR,High,267,94,90,18-24,M,Mobile,3.65%,36.13%,12.75%,frame_7,"gaze, movement"
212,AR,Medium,30,94,91,18-24,F,Mobile,9.68%,31.75%,8.21%,frame_5,movement only
213,AR,High,227,92,84,35-44,F,Mobile,2.04%,15.37%,10.41%,frame_8,"gaze, movement"
214,3D,High,158,41,61,25-34,F,Mobile,8.30%,26.05%,13.62%,frame_10,"gaze, movement"
215,AR,Medium,268,32,57,25-34,M,Desktop,7.96%,32.64%,10.18%,frame_7,"gaze, movement"
216,3D,High,73,90,70,25-34,F,Mobile,2.08%,32.34%,13.20%,frame_8,movement only
217,AR,Low,113,93,62,18-24,M,Desktop,7.25%,7.55%,3.58%,frame_4,movement only
218,AR,Medium,14,25,97,25-34,M,Mobile,7.98%,26.37%,5.37%,frame_3,"gaze, movement"
219,2D,Medium,273,11,82,25-34,M,Tablet,6.55%,19.98%,2.29%,frame_1,no movement
220,3D,Low,151,82,87,18-24,M,Mobile,1.72%,10.02%,14.96%,frame_2,no movement
221,3D,High,95,49,82,35-44,M,Mobile,7.76%,32.13%,14.38%,frame_4,"gaze, movement"
222,3D,Medium,45,58,86,18-24,M,Desktop,8.39%,20.51%,14.82%,frame_3,"gaze, movement"
223,3D,Medium,70,21,84,35-44,F,Desktop,6.29%,37.88%,11.88%,frame_8,movement only
224,2D,Medium,195,75,70,25-34,F,Desktop,3.17%,15.60%,10.25%,frame_3,no movement
225,3D,Medium,258,40,50,25-34,F,Mobile,9.29%,6.52%,10.53%,frame_10,"gaze, movement"
226,AR,High,46,49,83,25-34,F,Mobile,7.29%,11.40%,11.22%,frame_1,movement only
227,3D,Medium,286,89,75,35-44,M,Mobile,2.43%,15.37%,6.52%,frame_4,movement only
228,AR,High,187,90,99,35-44,M,Mobile,6.03%,6.50%,11.48%,frame_10,"gaze, movement"
229,2D,High,45,48,72,25-34,F,Mobile,1.99%,20.03%,5.42%,frame_8,"gaze, movement"
230,3D,Medium,270,18,78,25-34,F,Desktop,2.87%,33.86%,7.65%,frame_7,movement only
231,3D,Low,200,56,71,18-24,F,Mobile,6.97%,15.22%,6.75%,frame_9,movement only
232,AR,High,144,92,58,35-44,F,Mobile,5.86%,32.97%,7.55%,frame_2,"gaze, movement"
233,2D,Medium,190,95,97,25-34,F,Desktop,4.33%,13.09%,1.94%,frame_3,"gaze, movement"
234,3D,High,236,76,99,45-54,F,Desktop,7.48%,9.30%,10.77%,frame_10,movement only
235,AR,Medium,189,65,92,25-34,F,Desktop,4.42%,39.59%,9.71%,frame_5,movement only
236,3D,High,265,93,98,25-34,M,Mobile,1.70%,18.59%,5.27%,frame_10,movement only
237,AR,Medium,98,30,63,25-34,M,Mobile,7.34%,15.87%,12.45%,frame_10,"gaze, movement"
238,AR,Medium,201,107,61,25-34,M,Mobile,9.41%,16.59%,2.82%,frame_8,"gaze, movement"
239,3D,Low,285,16,90,18-24,M,Mobile,2.91%,20.69%,4.20%,frame_7,movement only
240,3D,Medium,158,25,78,25-34,F,Mobile,4.63%,18.03%,4.91%,frame_10,"gaze, movement"
241,2D,High,94,37,89,45-54,M,Mobile,6.97%,11.24%,5.22%,frame_10,movement only
242,2D,High,85,80,59,25-34,F,Desktop,2.32%,22.93%,4.47%,frame_10,movement only
243,3D,Low,26,58,74,25-34,M,Mobile,1.48%,35.15%,10.46%,frame_8,movement only
244,2D,Medium,147,120,70,25-34,F,Mobile,1.21%,22.99%,14.35%,frame_6,movement only
245,2D,Low,79,21,87,18-24,F,Mobile,5.77%,28.53%,13.43%,frame_9,"gaze, movement"
246,2D,Low,223,41,51,25-34,M,Desktop,9.53%,18.55%,8.10%,frame_2,"gaze, movement"
247,2D,High,205,41,63,25-34,M,Desktop,1.06%,13.21%,1.97%,frame_7,no movement
248,AR,Medium,224,79,94,35-44,F,Mobile,5.71%,34.15%,11.78%,frame_2,no movement
249,AR,Medium,68,66,90,35-44,M,Mobile,2.20%,18.30%,10.83%,frame_2,"gaze, movement"
250,AR,Medium,215,96,95,18-24,F,Mobile,6.81%,14.09%,3.64%,frame_3,"gaze, movement"
251,2D,Medium,126,98,60,25-34,M,Mobile,8.12%,39.68%,10.40%,frame_9,no movement
252,AR,Medium,155,20,88,35-44,F,Mobile,6.37%,16.12%,4.94%,frame_1,"gaze, movement"
253,2D,Medium,48,32,74,25-34,M,Mobile,1.70%,30.03%,2.21%,frame_3,movement only
254,AR,Medium,130,91,68,18-24,M,Mobile,5.96%,17.31%,9.47%,frame_8,"gaze, movement"
255,AR,Low,253,53,99,45-54,M,Desktop,3.64%,8.91%,13.34%,frame_4,movement only
256,3D,Medium,202,38,58,45-54,F,Desktop,6.04%,33.04%,11.19%,frame_7,"gaze, movement"
257,3D,Medium,240,84,75,25-34,M,Desktop,6.74%,34.63%,7.29%,frame_2,no movement
258,3D,Medium,285,45,95,35-44,M,Mobile,8.28%,14.28%,9.94%,frame_3,"gaze, movement"
259,2D,Medium,164,47,54,35-44,M,Mobile,6.84%,32.68%,5.53%,frame_2,"gaze, movement"
260,2D,Low,41,93,53,18-24,F,Mobile,6.47%,34.16%,12.30%,frame_8,movement only
261,3D,Medium,31,81,70,25-34,F,Desktop,6.76%,32.30%,5.55%,frame_4,no movement
262,AR,Medium,30,67,76,25-34,F,Tablet,6.73%,14.41%,14.09%,frame_7,no movement
263,3D,Medium,70,82,67,45-54,F,Desktop,2.72%,15.19%,14.69%,frame_1,no movement
264,2D,Medium,140,45,69,35-44,M,Mobile,8.60%,34.78%,3.36%,frame_7,movement only
265,AR,Medium,87,120,73,18-24,M,Desktop,8.32%,28.04%,4.35%,frame_2,no movement
266,3D,Low,111,50,82,55+,F,Mobile,4.65%,18.41%,2.96%,frame_3,"gaze, movement"
267,AR,Medium,270,43,62,18-24,F,Mobile,1.91%,37.72%,14.39%,frame_3,"gaze, movement"
268,AR,Low,121,55,74,55+,M,Mobile,4.15%,35.40%,14.46%,frame_2,"gaze, movement"
269,3D,Medium,281,117,82,25-34,F,Mobile,1.08%,36.66%,3.80%,frame_9,"gaze, movement"
270,3D,Medium,179,16,91,25-34,M,Desktop,6.54%,23.24%,9.52%,frame_6,"gaze, movement"
271,3D,Medium,193,84,87,55+,F,Mobile,9.93%,15.04%,8.26%,frame_10,movement only
272,3D,Low,19,17,92,35-44,F,Mobile,8.70%,34.52%,9.17%,frame_7,"gaze, movement"
273,2D,High,142,48,67,18-24,M,Tablet,2.96%,35.35%,5.52%,frame_2,no movement
274,3D,Medium,68,58,89,25-34,F,Mobile,9.33%,23.17%,7.94%,frame_6,"gaze, movement"
275,AR,High,210,61,77,25-34,M,Desktop,1.85%,5.28%,6.16%,frame_3,no movement
276,3D,Medium,190,57,61,35-44,F,Mobile,3.55%,8.02%,9.30%,frame_9,movement only
277,AR,Medium,212,97,60,25-34,M,Tablet,3.06%,12.50%,1.19%,frame_1,movement only
278,3D,Medium,291,15,55,35-44,M,Mobile,9.49%,37.94%,10.34%,frame_8,"gaze, movement"
279,3D,High,19,44,91,35-44,M,Tablet,8.60%,14.13%,4.23%,frame_8,movement only
280,3D,Medium,41,103,59,25-34,M,Mobile,8.87%,39.98%,14.00%,frame_8,movement only
281,2D,Medium,175,57,62,35-44,M,Mobile,6.33%,32.95%,14.35%,frame_5,movement only
282,AR,High,67,14,94,25-34,F,Mobile,8.20%,30.71%,11.99%,frame_9,movement only
283,3D,Low,261,77,97,18-24,M,Mobile,2.41%,13.17%,2.47%,frame_9,no movement
284,2D,Low,261,29,96,25-34,M,Desktop,2.30%,16.04%,10.62%,frame_6,movement only
285,2D,High,171,109,90,25-34,F,Mobile,4.08%,25.48%,12.30%,frame_4,"gaze, movement"
286,AR,Medium,249,39,50,35-44,M,Desktop,1.85%,35.07%,8.23%,frame_2,movement only
287,3D,High,184,58,64,18-24,F,Mobile,3.33%,23.26%,11.57%,frame_3,"gaze, movement"
288,3D,High,182,15,62,18-24,F,Desktop,8.16%,38.14%,6.40%,frame_5,"gaze, movement"
289,AR,Low,222,51,83,25-34,F,Mobile,7.80%,24.77%,3.79%,frame_1,"gaze, movement"
290,AR,Medium,119,58,89,25-34,F,Mobile,3.44%,13.32%,10.55%,frame_3,"gaze, movement"
291,3D,Low,183,40,53,18-24,M,Desktop,2.53%,20.83%,12.09%,frame_5,movement only
292,AR,High,186,111,56,35-44,M,Desktop,9.66%,35.74%,5.21%,frame_2,movement only
293,AR,High,35,120,93,25-34,M,Mobile,8.82%,35.31%,8.89%,frame_10,"gaze, movement"
294,3D,Low,266,21,62,25-34,F,Mobile,7.49%,34.06%,2.35%,frame_8,no movement
295,3D,Medium,124,88,85,18-24,M,Mobile,7.07%,36.51%,9.67%,frame_5,movement only
296,AR,Medium,133,68,83,25-34,M,Mobile,8.77%,28.92%,10.32%,frame_7,movement only
297,2D,Medium,45,118,100,25-34,F,Tablet,8.77%,20.78%,1.63%,frame_4,no movement
298,2D,Medium,168,108,67,18-24,M,Mobile,5.74%,15.71%,11.94%,frame_4,movement only
299,3D,Low,300,38,92,18-24,F,Mobile,3.82%,24.85%,1.95%,frame_5,"gaze, movement"
300,2D,High,32,21,93,35-44,M,Mobile,2.70%,38.28%,9.89%,frame_4,"gaze, movement"
301,3D,Medium,147,14,50,35-44,F,Mobile,7.22%,15.78%,11.74%,frame_4,movement only
302,AR,High,195,22,76,25-34,M,Mobile,6.20%,27.48%,2.23%,frame_3,movement only
303,AR,High,178,37,72,55+,F,Tablet,1.18%,30.83%,6.47%,frame_1,"gaze, movement"
304,3D,Medium,243,42,90,25-34,M,Mobile,4.73%,29.75%,14.00%,frame_8,"gaze, movement"
305,3D,Low,81,16,97,18-24,F,Mobile,7.91%,15.26%,13.18%,frame_7,"gaze, movement"
306,AR,Low,72,113,72,25-34,M,Mobile,1.81%,5.89%,9.67%,frame_9,"gaze, movement"
307,2D,Medium,48,28,57,18-24,M,Desktop,4.71%,34.02%,5.67%,frame_2,"gaze, movement"
308,3D,Low,183,68,55,18-24,M,Desktop,6.01%,28.92%,5.14%,frame_4,"gaze, movement"
309,3D,Medium,151,11,69,25-34,M,Mobile,9.81%,24.60%,8.07%,frame_6,"gaze, movement"
310,AR,High,206,90,53,35-44,M,Tablet,2.51%,13.92%,1.87%,frame_10,no movement
311,AR,High,138,120,92,25-34,F,Mobile,2.01%,10.36%,11.75%,frame_3,movement only
312,AR,Low,183,29,66,25-34,F,Mobile,3.13%,13.39%,6.25%,frame_2,"gaze, movement"
313,AR,High,63,62,81,18-24,M,Mobile,7.36%,22.08%,13.89%,frame_4,"gaze, movement"
314,3D,High,110,40,81,18-24,M,Desktop,9.46%,29.03%,8.29%,frame_7,no movement
315,AR,Low,190,58,51,18-24,F,Desktop,4.60%,12.63%,13.60%,frame_6,movement only
316,3D,Medium,112,29,84,35-44,M,Mobile,4.77%,29.79%,1.92%,frame_9,"gaze, movement"
317,AR,Medium,293,26,73,25-34,M,Mobile,7.65%,24.41%,10.38%,frame_5,movement only
318,3D,High,10,108,96,25-34,F,Desktop,6.58%,17.31%,9.50%,frame_3,movement only
319,3D,Medium,266,93,81,18-24,M,Tablet,3.99%,30.09%,6.72%,frame_10,"gaze, movement"
320,AR,Low,205,61,98,55+,F,Desktop,4.20%,28.61%,2.87%,frame_9,movement only
321,AR,High,90,106,71,35-44,F,Desktop,4.48%,21.96%,14.99%,frame_5,"gaze, movement"
322,3D,Low,231,43,63,18-24,M,Mobile,4.88%,26.29%,14.03%,frame_7,movement only
323,AR,High,158,86,65,25-34,M,Tablet,2.48%,13.90%,6.33%,frame_1,"gaze, movement"
324,3D,Medium,202,37,78,35-44,F,Desktop,3.68%,31.54%,13.77%,frame_8,no movement
325,3D,High,195,66,79,25-34,F,Desktop,1.81%,10.63%,2.60%,frame_10,no movement
326,AR,High,215,111,57,25-34,F,Desktop,4.64%,10.88%,1.22%,frame_4,movement only
327,AR,Low,152,96,65,25-34,M,Desktop,8.55%,20.79%,5.72%,frame_6,no movement
328,AR,Medium,224,24,87,18-24,F,Desktop,5.50%,11.30%,12.56%,frame_9,"gaze, movement"
329,3D,High,107,50,78,18-24,F,Mobile,2.15%,33.59%,4.70%,frame_5,movement only
330,3D,High,202,92,96,25-34,M,Desktop,2.58%,35.93%,9.48%,frame_6,movement only
331,3D,Low,224,102,89,35-44,F,Mobile,2.95%,10.93%,5.03%,frame_7,"gaze, movement"
332,AR,Low,131,44,55,18-24,M,Mobile,7.86%,12.91%,6.73%,frame_3,"gaze, movement"
333,AR,Medium,109,87,62,18-24,M,Desktop,9.66%,28.15%,12.10%,frame_3,movement only
334,2D,Low,10,110,66,45-54,M,Mobile,3.19%,21.86%,10.96%,frame_6,movement only
335,2D,Medium,145,59,99,18-24,F,Mobile,2.32%,5.50%,3.63%,frame_9,no movement
336,3D,Medium,31,77,73,35-44,F,Desktop,6.91%,19.57%,4.43%,frame_5,movement only
337,3D,High,113,16,62,25-34,M,Desktop,7.42%,26.97%,10.18%,frame_6,no movement
338,3D,High,210,52,52,25-34,M,Mobile,1.49%,8.87%,10.15%,frame_7,movement only
339,AR,Low,123,77,83,25-34,M,Mobile,5.53%,20.77%,7.73%,frame_10,"gaze, movement"
340,3D,Medium,58,107,69,18-24,F,Desktop,5.01%,22.03%,6.43%,frame_10,"gaze, movement"
341,2D,Medium,204,44,68,35-44,M,Mobile,4.15%,5.59%,10.60%,frame_8,"gaze, movement"
342,AR,Medium,231,67,54,25-34,M,Mobile,9.15%,28.31%,10.24%,frame_9,no movement
343,3D,Medium,187,89,74,35-44,F,Mobile,7.25%,13.88%,9.02%,frame_1,"gaze, movement"
344,2D,Medium,229,105,89,35-44,F,Desktop,6.39%,13.97%,5.25%,frame_7,"gaze, movement"
345,3D,Medium,68,27,70,18-24,F,Mobile,5.76%,15.62%,11.01%,frame_4,movement only
346,3D,Medium,36,37,76,18-24,F,Desktop,7.75%,35.82%,2.14%,frame_6,no movement
347,2D,Medium,299,95,55,25-34,F,Tablet,9.95%,30.11%,9.23%,frame_10,no movement
348,3D,Medium,234,27,71,45-54,M,Tablet,7.11%,8.62%,13.68%,frame_5,no movement
349,2D,Medium,94,78,74,35-44,M,Mobile,2.74%,28.78%,12.32%,frame_7,movement only
350,AR,High,229,119,92,18-24,F,Mobile,5.50%,21.26%,7.67%,frame_10,movement only
351,3D,High,218,70,88,25-34,M,Mobile,2.66%,30.88%,8.91%,frame_3,movement only
352,AR,Medium,202,57,56,18-24,F,Desktop,7.14%,14.51%,10.75%,frame_1,"gaze, movement"
353,AR,Medium,168,68,71,25-34,F,Desktop,7.89%,30.30%,9.82%,frame_1,movement only
354,3D,Medium,199,16,86,18-24,F,Mobile,5.10%,23.40%,9.17%,frame_7,"gaze, movement"
355,AR,Medium,222,28,68,55+,F,Mobile,5.63%,13.21%,14.09%,frame_10,movement only
356,3D,High,244,14,97,35-44,F,Mobile,3.32%,11.80%,6.28%,frame_2,movement only
357,2D,High,290,61,90,35-44,M,Mobile,2.79%,9.49%,2.51%,frame_9,"gaze, movement"
358,2D,Medium,135,100,66,25-34,F,Mobile,3.04%,13.79%,12.30%,frame_8,"gaze, movement"
359,2D,High,258,98,68,25-34,M,Mobile,9.60%,37.08%,7.56%,frame_6,"gaze, movement"
360,3D,Medium,112,74,87,35-44,F,Desktop,7.11%,26.82%,13.27%,frame_2,"gaze, movement"
361,3D,High,106,55,71,35-44,M,Mobile,5.49%,14.21%,8.32%,frame_5,"gaze, movement"
362,3D,Low,200,101,58,25-34,F,Desktop,5.97%,35.85%,4.53%,frame_5,"gaze, movement"
363,3D,Medium,50,57,78,35-44,M,Mobile,9.49%,29.75%,3.06%,frame_7,"gaze, movement"
364,3D,High,81,39,73,18-24,M,Desktop,9.07%,16.21%,14.92%,frame_9,no movement
365,3D,Medium,237,85,87,18-24,F,Mobile,8.93%,15.61%,13.96%,frame_5,no movement
366,AR,Medium,265,61,95,35-44,F,Mobile,7.78%,35.16%,9.31%,frame_5,movement only
367,AR,High,128,116,59,25-34,F,Desktop,2.68%,19.60%,14.51%,frame_3,"gaze, movement"
368,AR,High,189,32,74,35-44,F,Mobile,3.70%,6.25%,1.38%,frame_3,no movement
369,3D,High,93,100,91,18-24,M,Mobile,8.61%,28.45%,1.44%,frame_3,"gaze, movement"
370,3D,High,208,62,70,25-34,F,Mobile,2.21%,22.43%,12.95%,frame_1,movement only
371,AR,Low,115,61,54,35-44,M,Mobile,2.32%,37.16%,14.48%,frame_10,"gaze, movement"
372,AR,High,172,36,83,18-24,F,Mobile,7.86%,9.62%,8.93%,frame_10,"gaze, movement"
373,3D,Medium,204,54,54,35-44,F,Desktop,1.51%,31.13%,2.95%,frame_2,"gaze, movement"
374,AR,Medium,37,56,52,25-34,F,Mobile,6.47%,8.07%,7.50%,frame_2,"gaze, movement"
375,2D,High,246,85,62,55+,M,Mobile,5.60%,21.23%,2.60%,frame_2,movement only
376,AR,Low,191,106,94,25-34,F,Mobile,7.07%,27.98%,9.01%,frame_10,"gaze, movement"
377,AR,High,124,76,97,18-24,M,Desktop,7.75%,26.77%,14.07%,frame_10,movement only
378,3D,Medium,168,51,50,45-54,F,Mobile,9.32%,10.48%,6.99%,frame_7,"gaze, movement"
379,3D,Medium,261,19,52,18-24,M,Mobile,5.92%,10.76%,11.87%,frame_5,movement only
380,2D,Medium,130,113,51,25-34,F,Mobile,9.08%,38.53%,9.80%,frame_9,no movement
381,3D,Low,239,24,71,25-34,M,Mobile,9.80%,22.73%,6.23%,frame_5,"gaze, movement"
382,2D,High,168,12,79,18-24,M,Tablet,4.45%,28.86%,1.84%,frame_1,movement only
383,AR,Medium,56,76,70,45-54,F,Tablet,4.92%,6.90%,11.54%,frame_6,"gaze, movement"
384,3D,Medium,247,30,64,35-44,F,Desktop,9.11%,16.46%,5.28%,frame_2,movement only
385,2D,Low,180,48,88,25-34,M,Desktop,9.83%,12.50%,12.92%,frame_6,movement only
386,AR,High,259,67,63,18-24,M,Tablet,1.79%,6.11%,5.38%,frame_7,movement only
387,AR,Low,29,101,70,35-44,M,Tablet,9.46%,20.57%,9.38%,frame_4,no movement
388,AR,Medium,89,58,79,18-24,M,Desktop,1.11%,19.45%,12.03%,frame_10,movement only
389,AR,Medium,166,15,80,35-44,M,Mobile,4.24%,6.65%,11.24%,frame_2,no movement
390,3D,Medium,150,114,79,45-54,F,Mobile,3.06%,18.82%,8.07%,frame_5,movement only
391,AR,Low,265,37,95,18-24,M,Mobile,2.19%,27.95%,6.51%,frame_9,"gaze, movement"
392,AR,Low,68,100,96,25-34,M,Desktop,5.03%,19.18%,6.75%,frame_3,"gaze, movement"
393,2D,Medium,143,18,66,25-34,F,Mobile,1.34%,27.49%,11.14%,frame_4,movement only
394,AR,Medium,175,34,91,25-34,M,Desktop,3.55%,20.66%,6.58%,frame_1,movement only
395,3D,Low,193,74,71,25-34,M,Mobile,4.05%,22.33%,2.79%,frame_1,"gaze, movement"
396,AR,High,212,99,87,55+,F,Desktop,4.08%,23.76%,5.52%,frame_6,movement only
397,AR,Medium,226,42,72,18-24,F,Mobile,7.94%,35.50%,1.81%,frame_6,movement only
398,3D,Medium,238,115,77,35-44,F,Desktop,7.87%,16.57%,2.54%,frame_9,movement only
399,3D,High,197,97,65,25-34,F,Mobile,1.65%,19.72%,8.20%,frame_7,no movement
400,2D,Medium,106,43,75,25-34,F,Mobile,9.41%,32.12%,14.28%,frame_1,movement only
401,3D,Medium,183,103,71,35-44,M,Mobile,5.42%,18.68%,12.92%,frame_6,movement only
402,AR,Medium,249,33,97,25-34,M,Mobile,5.79%,38.75%,1.08%,frame_3,movement only
403,AR,High,114,69,62,25-34,F,Desktop,9.33%,33.77%,9.41%,frame_4,"gaze, movement"
404,3D,Low,157,65,88,18-24,M,Desktop,4.52%,21.23%,8.35%,frame_3,no movement
405,AR,Medium,174,34,95,25-34,F,Mobile,9.76%,8.63%,6.89%,frame_6,"gaze, movement"
406,3D,Medium,290,110,100,25-34,F,Desktop,4.15%,8.46%,1.51%,frame_5,movement only
407,3D,Medium,53,65,84,35-44,M,Desktop,5.75%,17.32%,8.06%,frame_2,"gaze, movement"
408,2D,Medium,36,75,50,25-34,F,Mobile,5.98%,36.71%,13.99%,frame_3,"gaze, movement"
409,AR,Medium,217,77,62,18-24,M,Desktop,4.11%,33.13%,7.53%,frame_9,"gaze, movement"
410,2D,Medium,227,101,83,25-34,M,Mobile,2.04%,34.25%,4.29%,frame_3,movement only
411,AR,High,185,33,92,18-24,M,Mobile,5.99%,9.41%,4.43%,frame_6,"gaze, movement"
412,3D,Low,242,102,72,25-34,F,Mobile,9.81%,10.69%,7.97%,frame_8,"gaze, movement"
413,2D,Medium,300,118,93,18-24,M,Mobile,7.69%,22.78%,12.09%,frame_5,no movement
414,3D,Medium,281,87,85,25-34,M,Mobile,2.30%,33.96%,11.74%,frame_4,"gaze, movement"
415,2D,Medium,122,41,63,55+,M,Mobile,1.20%,11.94%,7.40%,frame_6,movement only
416,AR,Low,160,111,90,25-34,F,Desktop,5.92%,5.45%,7.41%,frame_1,"gaze, movement"
417,3D,Medium,296,114,57,25-34,F,Desktop,3.58%,28.03%,14.05%,frame_5,movement only
418,AR,High,203,112,93,25-34,M,Tablet,5.75%,25.97%,5.42%,frame_4,movement only
419,3D,Medium,296,26,96,18-24,M,Mobile,8.06%,27.97%,8.95%,frame_7,"gaze, movement"
420,2D,Medium,59,32,90,45-54,F,Desktop,5.68%,39.46%,4.55%,frame_3,no movement
421,3D,Low,183,22,59,35-44,F,Mobile,2.13%,22.23%,6.90%,frame_9,no movement
422,AR,Low,235,48,89,18-24,F,Desktop,1.01%,22.34%,8.42%,frame_7,"gaze, movement"
423,AR,Low,188,103,87,25-34,F,Mobile,8.97%,22.96%,9.39%,frame_1,movement only
424,3D,High,195,73,53,25-34,M,Mobile,5.35%,23.90%,12.77%,frame_6,no movement
425,2D,Medium,63,86,50,18-24,M,Mobile,3.25%,23.00%,5.94%,frame_5,movement only
426,3D,High,114,50,68,35-44,F,Mobile,1.26%,37.64%,5.43%,frame_6,movement only
427,2D,Medium,81,79,85,18-24,F,Mobile,8.47%,30.14%,6.45%,frame_8,movement only
428,3D,High,27,79,62,25-34,F,Mobile,7.16%,14.46%,11.53%,frame_8,movement only
429,2D,Medium,286,43,86,18-24,F,Mobile,3.98%,33.94%,3.45%,frame_1,"gaze, movement"
430,AR,Medium,298,39,50,18-24,M,Mobile,7.02%,14.14%,5.58%,frame_5,no movement
431,3D,High,45,84,61,18-24,M,Desktop,8.72%,7.29%,10.40%,frame_8,movement only
432,3D,High,80,17,53,25-34,F,Mobile,1.71%,39.10%,5.28%,frame_10,"gaze, movement"
433,AR,High,214,55,80,18-24,F,Mobile,3.71%,8.45%,5.43%,frame_7,"gaze, movement"
434,3D,Medium,108,17,72,25-34,M,Desktop,8.38%,33.31%,9.69%,frame_3,no movement
435,AR,Medium,185,40,97,35-44,M,Desktop,9.03%,19.10%,14.42%,frame_9,movement only
436,3D,Medium,267,32,78,45-54,F,Desktop,4.08%,18.08%,2.72%,frame_5,"gaze, movement"
437,AR,Medium,28,110,94,18-24,M,Mobile,1.54%,17.44%,2.20%,frame_9,movement only
438,2D,High,263,97,51,25-34,M,Mobile,7.34%,37.36%,11.77%,frame_8,"gaze, movement"
439,3D,Medium,47,80,67,25-34,M,Tablet,1.33%,15.16%,1.73%,frame_2,movement only
440,AR,Medium,18,112,62,18-24,F,Desktop,1.49%,7.12%,14.31%,frame_1,movement only
441,2D,Medium,143,45,74,35-44,M,Mobile,9.56%,27.99%,13.47%,frame_3,movement only
442,2D,Medium,73,92,83,35-44,M,Desktop,1.86%,23.45%,7.45%,frame_1,"gaze, movement"
443,3D,Medium,195,113,60,45-54,M,Mobile,6.22%,36.18%,9.42%,frame_2,movement only
444,2D,Medium,281,73,62,25-34,F,Mobile,3.97%,34.30%,13.57%,frame_3,movement only
445,2D,Low,54,42,80,25-34,M,Mobile,8.73%,8.34%,9.36%,frame_4,"gaze, movement"
446,3D,Medium,39,102,93,55+,M,Mobile,3.82%,34.96%,1.58%,frame_3,"gaze, movement"
447,AR,Medium,193,113,66,18-24,F,Tablet,3.49%,18.36%,13.05%,frame_9,movement only
448,2D,Medium,179,68,84,25-34,F,Tablet,1.02%,24.00%,8.45%,frame_3,no movement
449,AR,Medium,226,46,75,25-34,F,Mobile,7.78%,37.01%,9.28%,frame_7,"gaze, movement"
450,AR,Low,117,32,88,25-34,M,Desktop,3.31%,32.83%,12.39%,frame_5,movement only
451,2D,High,268,73,97,55+,F,Mobile,4.65%,10.60%,8.28%,frame_1,"gaze, movement"
452,AR,Medium,128,118,99,18-24,M,Mobile,3.78%,18.40%,10.12%,frame_3,"gaze, movement"
453,2D,High,209,51,64,18-24,M,Desktop,2.34%,24.30%,14.28%,frame_6,no movement
454,3D,High,59,11,57,25-34,M,Mobile,3.05%,30.35%,9.09%,frame_1,no movement
455,3D,Medium,153,37,77,25-34,F,Desktop,7.27%,37.09%,13.63%,frame_8,movement only
456,AR,High,63,120,62,18-24,M,Desktop,4.38%,23.12%,6.55%,frame_10,movement only
457,AR,Low,37,96,87,18-24,F,Mobile,9.27%,25.70%,5.02%,frame_7,"gaze, movement"
458,2D,Medium,121,19,98,25-34,F,Mobile,2.27%,36.32%,6.69%,frame_4,"gaze, movement"
459,3D,High,117,11,76,18-24,F,Mobile,9.46%,16.29%,2.85%,frame_5,movement only
460,3D,High,202,105,92,35-44,F,Mobile,6.83%,15.53%,7.71%,frame_4,"gaze, movement"
461,3D,High,70,87,59,35-44,M,Mobile,3.52%,24.82%,2.71%,frame_4,movement only
462,3D,Medium,142,63,100,25-34,M,Mobile,5.91%,38.12%,4.80%,frame_6,movement only
463,2D,High,244,77,96,18-24,M,Mobile,4.02%,7.63%,4.88%,frame_9,movement only
464,3D,Medium,89,39,53,18-24,M,Mobile,8.52%,13.17%,9.13%,frame_4,movement only
465,3D,High,235,98,98,35-44,M,Mobile,7.40%,15.51%,1.73%,frame_3,"gaze, movement"
466,AR,Medium,201,31,67,35-44,F,Desktop,5.65%,17.21%,14.63%,frame_6,"gaze, movement"
467,3D,High,195,18,90,18-24,M,Mobile,3.92%,7.24%,6.46%,frame_6,movement only
468,3D,High,193,83,91,25-34,F,Mobile,2.09%,38.49%,11.69%,frame_4,movement only
469,3D,Medium,265,102,74,25-34,M,Desktop,5.35%,8.35%,10.15%,frame_2,movement only
470,3D,Low,259,73,97,35-44,F,Mobile,8.25%,9.52%,6.25%,frame_9,no movement
471,AR,Medium,290,35,89,25-34,M,Desktop,6.61%,18.07%,14.18%,frame_9,movement only
472,AR,Medium,223,69,53,18-24,F,Desktop,1.88%,22.46%,7.97%,frame_2,"gaze, movement"
473,AR,Medium,97,11,58,18-24,F,Desktop,3.74%,28.74%,6.03%,frame_1,"gaze, movement"
474,3D,High,142,30,75,25-34,F,Mobile,3.59%,23.56%,1.78%,frame_5,"gaze, movement"
475,3D,Low,243,73,84,25-34,M,Mobile,1.39%,36.60%,12.92%,frame_7,movement only
476,3D,Low,168,45,88,35-44,M,Mobile,5.91%,26.46%,2.62%,frame_7,no movement
477,2D,Medium,238,62,98,35-44,M,Mobile,2.13%,34.47%,5.95%,frame_5,"gaze, movement"
478,AR,Medium,256,74,71,18-24,M,Mobile,3.65%,11.02%,9.66%,frame_2,"gaze, movement"
479,AR,Medium,233,115,74,25-34,M,Mobile,8.40%,37.95%,1.35%,frame_2,"gaze, movement"
480,AR,Medium,46,98,60,35-44,F,Desktop,7.95%,24.26%,9.60%,frame_8,"gaze, movement"
481,3D,Low,242,100,60,35-44,F,Mobile,7.88%,7.87%,13.14%,frame_7,movement only
482,2D,High,199,91,68,45-54,F,Mobile,5.95%,8.87%,12.86%,frame_1,"gaze, movement"
483,3D,Medium,189,53,69,18-24,M,Mobile,5.03%,27.16%,1.77%,frame_9,movement only
484,2D,Medium,247,71,52,25-34,F,Mobile,6.33%,22.68%,5.03%,frame_3,movement only
485,3D,Medium,62,97,88,18-24,F,Desktop,3.71%,21.92%,9.49%,frame_6,"gaze, movement"
486,3D,Medium,211,110,67,25-34,M,Desktop,9.56%,23.78%,9.28%,frame_10,no movement
487,AR,High,298,19,69,25-34,F,Mobile,2.61%,21.76%,5.99%,frame_5,"gaze, movement"
488,3D,Medium,235,30,52,25-34,F,Desktop,5.29%,26.07%,3.51%,frame_2,movement only
489,3D,High,83,63,52,18-24,M,Desktop,2.29%,33.31%,2.60%,frame_3,no movement
490,AR,High,47,110,76,35-44,M,Tablet,9.09%,30.17%,4.15%,frame_7,no movement
491,AR,High,94,94,99,18-24,F,Mobile,9.02%,39.80%,8.47%,frame_1,no movement
492,AR,Medium,134,92,89,25-34,M,Desktop,7.66%,18.94%,9.38%,frame_1,movement only
493,AR,Medium,207,59,95,18-24,M,Mobile,4.63%,27.19%,7.03%,frame_7,no movement
494,3D,Low,168,56,77,35-44,F,Mobile,4.86%,22.29%,5.76%,frame_3,movement only
495,3D,Low,28,42,87,25-34,F,Desktop,9.37%,34.67%,10.57%,frame_1,no movement
496,3D,Low,219,24,84,25-34,M,Mobile,6.32%,35.00%,2.78%,frame_6,"gaze, movement"
497,2D,Low,275,82,73,25-34,F,Desktop,5.32%,16.49%,12.91%,frame_1,"gaze, movement"
498,AR,High,282,67,73,35-44,M,Desktop,9.07%,22.30%,3.40%,frame_6,movement only
499,3D,Medium,56,79,92,25-34,M,Mobile,6.16%,16.82%,13.53%,frame_5,"gaze, movement"
500,AR,Medium,258,70,50,25-34,F,Mobile,3.59%,23.96%,8.42%,frame_10,movement only
501,2D,Medium,99,33,90,25-34,F,Mobile,6.26%,23.89%,13.99%,frame_1,"gaze, movement"
502,3D,Medium,53,113,80,25-34,M,Mobile,6.61%,30.31%,9.35%,frame_2,"gaze, movement"
503,3D,Low,288,28,83,55+,F,Desktop,6.62%,32.76%,7.31%,frame_2,"gaze, movement"
504,AR,Medium,58,74,53,35-44,F,Desktop,2.36%,30.38%,7.72%,frame_2,no movement
505,3D,Medium,261,72,63,35-44,M,Mobile,7.65%,25.81%,4.44%,frame_4,movement only
506,AR,Medium,53,23,93,18-24,F,Mobile,8.37%,12.15%,10.60%,frame_5,"gaze, movement"
507,AR,High,220,93,98,25-34,F,Mobile,7.41%,26.10%,7.10%,frame_4,movement only
508,2D,High,14,30,56,18-24,F,Mobile,8.23%,36.27%,4.67%,frame_6,"gaze, movement"
509,AR,High,58,101,64,25-34,F,Mobile,4.62%,30.11%,9.02%,frame_2,movement only
510,3D,Medium,252,58,51,25-34,F,Mobile,2.70%,10.68%,11.42%,frame_10,"gaze, movement"
511,3D,Medium,250,79,99,25-34,F,Mobile,9.98%,28.93%,4.62%,frame_3,"gaze, movement"
512,2D,Medium,241,81,59,55+,F,Mobile,2.48%,28.23%,8.34%,frame_7,no movement
513,AR,High,82,89,99,25-34,M,Mobile,7.58%,8.28%,5.12%,frame_2,movement only
514,3D,High,21,97,68,25-34,F,Mobile,9.96%,33.34%,14.11%,frame_8,no movement
515,2D,High,183,94,77,25-34,M,Desktop,1.85%,23.29%,7.53%,frame_8,movement only
516,3D,High,237,14,86,25-34,F,Mobile,6.59%,30.38%,3.86%,frame_1,no movement
517,3D,Medium,108,108,53,25-34,F,Tablet,3.27%,39.22%,6.89%,frame_4,"gaze, movement"
518,AR,Low,225,105,96,18-24,M,Desktop,1.96%,20.86%,12.32%,frame_3,"gaze, movement"
519,2D,High,284,72,67,45-54,M,Tablet,6.58%,18.59%,3.72%,frame_4,no movement
520,3D,Low,121,116,75,25-34,F,Mobile,3.68%,23.01%,7.52%,frame_10,"gaze, movement"
521,2D,Medium,69,71,67,18-24,M,Desktop,8.62%,38.65%,2.34%,frame_4,"gaze, movement"
522,AR,High,198,34,52,25-34,M,Mobile,9.87%,11.82%,8.84%,frame_7,movement only
523,AR,Medium,237,91,72,18-24,F,Desktop,7.94%,25.88%,14.75%,frame_4,"gaze, movement"
524,2D,Medium,141,62,67,55+,F,Mobile,2.62%,16.97%,12.63%,frame_1,no movement
525,2D,Medium,155,25,85,25-34,F,Mobile,4.57%,10.38%,8.19%,frame_10,"gaze, movement"
526,AR,Low,229,56,93,25-34,F,Desktop,5.88%,31.21%,5.86%,frame_10,"gaze, movement"
527,AR,High,184,30,68,25-34,F,Desktop,5.55%,23.21%,10.99%,frame_4,movement only
528,3D,Medium,187,24,92,35-44,F,Desktop,3.12%,7.12%,2.64%,frame_6,movement only
529,3D,Medium,169,80,61,18-24,M,Mobile,1.55%,9.54%,12.28%,frame_4,movement only
530,2D,Medium,151,74,94,25-34,M,Mobile,3.35%,10.73%,2.66%,frame_10,movement only
531,3D,High,184,45,56,18-24,M,Mobile,5.08%,6.52%,11.96%,frame_9,movement only
532,AR,Medium,182,73,90,25-34,M,Mobile,8.05%,12.83%,5.85%,frame_7,movement only
533,3D,Medium,212,35,63,25-34,M,Mobile,2.00%,13.31%,10.03%,frame_8,movement only
534,AR,Medium,268,78,82,18-24,M,Mobile,5.92%,13.06%,2.89%,frame_5,no movement
535,AR,Medium,199,95,62,25-34,M,Mobile,5.26%,29.82%,7.54%,frame_4,no movement
536,2D,Medium,204,103,55,18-24,F,Mobile,9.63%,23.40%,14.33%,frame_8,movement only
537,3D,Low,208,12,57,18-24,M,Mobile,4.91%,8.87%,9.30%,frame_7,no movement
538,2D,High,177,99,57,25-34,M,Mobile,4.25%,30.71%,4.84%,frame_3,movement only
539,3D,High,44,20,87,25-34,M,Mobile,7.89%,25.98%,3.98%,frame_4,"gaze, movement"
540,3D,High,21,61,55,25-34,M,Mobile,4.32%,22.63%,3.21%,frame_8,"gaze, movement"
541,AR,Medium,101,35,68,25-34,F,Desktop,5.98%,15.75%,12.62%,frame_8,movement only
542,3D,High,106,89,77,25-34,F,Tablet,6.10%,38.10%,1.55%,frame_6,movement only
543,AR,Medium,170,111,94,45-54,F,Desktop,5.84%,19.12%,13.70%,frame_10,"gaze, movement"
544,AR,Low,24,98,93,35-44,F,Mobile,5.41%,23.81%,3.75%,frame_7,no movement
545,3D,High,123,46,94,25-34,M,Mobile,1.69%,9.02%,6.83%,frame_1,"gaze, movement"
546,3D,Medium,275,65,78,18-24,F,Mobile,8.82%,12.89%,3.96%,frame_4,no movement
547,AR,High,122,94,67,35-44,F,Desktop,8.60%,35.42%,7.60%,frame_4,no movement
548,2D,High,31,23,67,35-44,F,Mobile,1.24%,25.44%,14.06%,frame_1,movement only
549,2D,Low,151,97,66,25-34,M,Mobile,2.18%,25.18%,3.45%,frame_3,movement only
550,3D,High,55,83,74,18-24,M,Desktop,1.59%,5.51%,1.44%,frame_8,movement only
551,2D,Low,116,51,52,35-44,F,Mobile,3.88%,5.39%,11.11%,frame_7,no movement
552,2D,High,147,48,81,45-54,F,Tablet,7.13%,34.17%,10.64%,frame_6,movement only
553,2D,High,45,57,71,25-34,F,Tablet,6.77%,25.52%,12.24%,frame_10,"gaze, movement"
554,3D,High,10,81,86,25-34,M,Tablet,6.65%,35.99%,10.63%,frame_4,"gaze, movement"
555,AR,High,181,23,89,25-34,F,Mobile,1.06%,37.88%,14.32%,frame_10,movement only
556,AR,Medium,105,64,56,18-24,F,Desktop,8.85%,14.34%,4.24%,frame_5,movement only
557,3D,Medium,12,90,75,18-24,M,Mobile,9.33%,12.60%,1.82%,frame_7,movement only
558,3D,Low,281,72,89,25-34,M,Desktop,2.47%,12.58%,9.82%,frame_2,movement only
559,3D,Medium,95,51,61,25-34,M,Mobile,1.45%,11.23%,11.28%,frame_1,movement only
560,3D,High,255,42,59,35-44,F,Mobile,6.72%,29.00%,9.61%,frame_7,no movement
561,AR,High,287,83,88,18-24,F,Mobile,7.79%,34.19%,8.56%,frame_4,no movement
562,2D,Medium,254,118,84,35-44,F,Desktop,7.95%,9.19%,4.93%,frame_5,no movement
563,2D,Medium,246,59,98,35-44,M,Desktop,9.87%,18.70%,10.37%,frame_3,no movement
564,AR,Medium,111,10,100,18-24,M,Mobile,3.66%,7.63%,9.14%,frame_4,movement only
565,AR,High,163,114,76,18-24,M,Mobile,5.65%,34.78%,11.73%,frame_6,no movement
566,AR,Medium,128,42,77,35-44,F,Mobile,4.94%,38.37%,5.75%,frame_7,"gaze, movement"
567,3D,Medium,22,52,69,25-34,M,Mobile,7.05%,29.33%,4.76%,frame_1,"gaze, movement"
568,3D,High,25,44,66,25-34,F,Desktop,1.14%,19.11%,5.23%,frame_6,no movement
569,2D,High,129,32,62,18-24,F,Mobile,6.92%,9.40%,2.98%,frame_9,"gaze, movement"
570,AR,Medium,113,62,80,25-34,M,Mobile,1.03%,17.47%,6.33%,frame_7,no movement
571,AR,Low,247,80,78,25-34,M,Mobile,3.50%,29.22%,14.55%,frame_6,no movement
572,2D,Medium,203,117,82,18-24,F,Mobile,9.67%,6.08%,8.62%,frame_3,no movement
573,3D,High,300,35,71,18-24,M,Mobile,5.94%,38.43%,6.14%,frame_9,movement only
574,3D,Low,23,76,62,25-34,F,Mobile,1.96%,5.87%,9.21%,frame_2,"gaze, movement"
575,AR,High,113,110,68,55+,F,Mobile,9.23%,22.39%,7.52%,frame_9,"gaze, movement"
576,AR,Medium,110,58,70,18-24,F,Mobile,2.26%,26.83%,9.24%,frame_4,"gaze, movement"
577,AR,High,232,72,82,18-24,M,Mobile,6.97%,28.50%,4.92%,frame_8,movement only
578,3D,High,277,26,75,35-44,M,Mobile,4.95%,34.04%,14.56%,frame_9,no movement
579,AR,High,233,96,95,25-34,M,Desktop,8.28%,13.61%,4.21%,frame_4,no movement
580,2D,Low,272,15,74,25-34,F,Mobile,2.31%,14.98%,13.15%,frame_5,no movement
581,2D,Medium,257,42,70,25-34,F,Tablet,7.63%,22.52%,7.58%,frame_9,movement only
582,AR,Medium,133,39,70,35-44,M,Mobile,4.42%,33.28%,8.36%,frame_4,movement only
583,3D,High,131,14,73,18-24,F,Tablet,9.52%,27.46%,1.83%,frame_9,movement only
584,AR,High,296,93,59,35-44,F,Mobile,2.37%,15.34%,4.57%,frame_8,"gaze, movement"
585,3D,Medium,56,82,76,18-24,F,Mobile,9.49%,29.99%,8.20%,frame_1,movement only
586,AR,Low,180,42,68,18-24,F,Desktop,8.69%,15.09%,10.39%,frame_2,"gaze, movement"
587,AR,Low,14,110,55,18-24,M,Mobile,8.94%,7.41%,14.53%,frame_2,no movement
588,AR,Low,52,27,80,45-54,F,Mobile,6.68%,28.11%,10.30%,frame_8,no movement
589,3D,Medium,229,47,55,25-34,F,Mobile,6.27%,35.37%,8.91%,frame_2,no movement
590,3D,Low,102,120,59,35-44,F,Tablet,5.54%,29.44%,7.40%,frame_5,"gaze, movement"
591,3D,Medium,90,76,77,25-34,F,Mobile,9.97%,16.06%,5.56%,frame_6,movement only
592,3D,High,104,63,88,25-34,F,Desktop,9.23%,30.99%,11.09%,frame_6,no movement
593,3D,Low,104,11,62,35-44,F,Mobile,3.50%,18.40%,9.62%,frame_6,no movement
594,3D,Medium,111,93,97,25-34,M,Desktop,9.36%,31.61%,4.45%,frame_3,"gaze, movement"
595,AR,Medium,111,120,81,18-24,F,Tablet,2.19%,27.08%,1.50%,frame_2,movement only
596,2D,Medium,275,47,97,18-24,M,Mobile,7.33%,38.42%,13.20%,frame_1,no movement
597,3D,Low,249,60,58,25-34,F,Mobile,3.21%,30.16%,14.20%,frame_7,movement only
598,AR,Medium,198,69,93,35-44,F,Desktop,2.90%,14.33%,10.16%,frame_4,no movement
599,AR,Medium,36,11,84,18-24,F,Desktop,9.02%,19.42%,4.90%,frame_3,movement only
600,3D,Low,25,24,62,35-44,M,Desktop,2.17%,6.05%,10.49%,frame_7,movement only
601,AR,Medium,215,92,81,18-24,F,Mobile,9.43%,32.37%,12.48%,frame_7,movement only
602,3D,Medium,88,87,64,25-34,F,Desktop,2.54%,20.69%,8.23%,frame_6,"gaze, movement"
603,AR,Low,29,108,81,18-24,F,Mobile,3.18%,34.58%,10.12%,frame_8,"gaze, movement"
604,AR,High,193,111,88,18-24,F,Desktop,8.50%,34.65%,9.75%,frame_5,movement only
605,AR,Low,94,30,80,35-44,M,Mobile,8.72%,5.75%,13.14%,frame_1,"gaze, movement"
606,AR,High,32,76,90,25-34,F,Mobile,8.76%,24.14%,9.92%,frame_9,"gaze, movement"
607,AR,Medium,204,53,84,25-34,M,Mobile,7.22%,30.45%,7.30%,frame_10,movement only
608,3D,Low,262,107,52,25-34,F,Tablet,2.49%,22.16%,9.50%,frame_7,"gaze, movement"
609,AR,High,57,88,67,18-24,M,Mobile,8.81%,15.11%,2.94%,frame_6,"gaze, movement"
610,AR,High,24,10,68,45-54,F,Mobile,9.64%,27.82%,7.17%,frame_3,movement only
611,3D,Medium,23,120,95,18-24,F,Mobile,5.02%,21.61%,5.38%,frame_10,movement only
612,3D,Low,118,60,78,18-24,F,Mobile,7.78%,34.80%,1.69%,frame_8,movement only
613,AR,Medium,161,57,51,18-24,F,Mobile,1.65%,30.00%,13.62%,frame_5,movement only
614,3D,Medium,116,37,69,18-24,F,Mobile,7.65%,18.29%,4.88%,frame_1,"gaze, movement"
615,AR,Low,238,62,73,25-34,F,Mobile,2.27%,7.40%,8.12%,frame_2,"gaze, movement"
616,3D,Medium,90,58,50,25-34,M,Mobile,9.23%,26.98%,14.73%,frame_8,no movement
617,AR,High,262,112,81,35-44,F,Tablet,7.23%,21.87%,6.56%,frame_2,"gaze, movement"
618,3D,High,224,43,55,18-24,M,Mobile,8.28%,36.74%,4.10%,frame_9,movement only
619,2D,Medium,270,29,55,25-34,F,Mobile,4.74%,10.55%,13.08%,frame_9,movement only
620,2D,High,101,91,81,18-24,F,Desktop,9.80%,10.02%,14.21%,frame_1,"gaze, movement"
621,2D,High,178,100,94,25-34,F,Desktop,1.72%,39.73%,9.57%,frame_10,"gaze, movement"
622,3D,Medium,89,51,83,18-24,F,Mobile,4.56%,12.11%,1.13%,frame_2,"gaze, movement"
623,3D,Medium,75,68,90,25-34,M,Desktop,5.41%,16.80%,4.14%,frame_2,"gaze, movement"
624,AR,Low,26,28,95,45-54,M,Mobile,5.53%,35.97%,6.37%,frame_6,no movement
625,3D,Medium,162,110,79,25-34,M,Desktop,7.40%,27.82%,9.96%,frame_10,movement only
626,3D,Medium,202,18,58,25-34,M,Mobile,1.28%,34.59%,7.73%,frame_6,"gaze, movement"
627,AR,Medium,263,21,91,25-34,M,Mobile,1.07%,11.09%,2.04%,frame_9,"gaze, movement"
628,AR,Medium,106,81,78,35-44,F,Mobile,9.40%,10.25%,1.06%,frame_7,"gaze, movement"
629,AR,Medium,154,90,61,18-24,M,Desktop,3.82%,32.03%,6.80%,frame_1,no movement
630,2D,Medium,177,23,100,45-54,F,Mobile,7.02%,16.74%,1.25%,frame_6,movement only
631,AR,High,284,41,87,18-24,F,Mobile,5.57%,16.37%,6.25%,frame_3,movement only
632,AR,Medium,104,45,83,25-34,M,Mobile,4.58%,12.79%,13.65%,frame_7,"gaze, movement"
633,3D,Low,73,84,50,18-24,M,Mobile,5.07%,23.22%,14.74%,frame_10,movement only
634,AR,Medium,137,113,88,25-34,F,Desktop,5.46%,39.99%,3.97%,frame_6,movement only
635,AR,Medium,23,80,83,35-44,M,Desktop,8.28%,29.95%,2.10%,frame_1,no movement
636,3D,Medium,229,55,99,18-24,M,Mobile,9.54%,21.05%,14.16%,frame_2,"gaze, movement"
637,3D,Medium,183,86,71,18-24,F,Mobile,3.03%,31.87%,13.69%,frame_3,"gaze, movement"
638,AR,Medium,156,20,58,45-54,M,Mobile,6.84%,11.59%,4.66%,frame_1,no movement
639,3D,Medium,50,34,86,25-34,F,Mobile,5.77%,35.67%,10.07%,frame_10,movement only
640,2D,Medium,14,93,88,18-24,M,Mobile,6.79%,12.38%,9.32%,frame_5,movement only
641,2D,Low,278,96,90,18-24,F,Mobile,2.29%,19.21%,1.46%,frame_10,movement only
642,AR,Medium,44,92,90,25-34,M,Mobile,5.74%,12.99%,14.58%,frame_3,"gaze, movement"
643,3D,Low,94,47,74,18-24,F,Desktop,7.54%,6.77%,2.15%,frame_6,"gaze, movement"
644,3D,High,148,81,56,25-34,M,Mobile,3.82%,19.69%,10.39%,frame_1,no movement
645,AR,Low,79,94,72,25-34,M,Tablet,1.19%,33.23%,5.07%,frame_9,no movement
646,2D,Medium,98,32,75,25-34,F,Mobile,7.47%,26.57%,13.70%,frame_7,"gaze, movement"
647,2D,Medium,70,22,92,35-44,F,Mobile,5.08%,15.15%,5.22%,frame_4,movement only
648,AR,High,164,71,54,18-24,M,Desktop,1.52%,22.51%,11.14%,frame_9,movement only
649,AR,Low,220,101,79,25-34,F,Mobile,9.30%,39.35%,1.74%,frame_3,"gaze, movement"
650,AR,High,136,92,75,25-34,F,Mobile,1.70%,8.70%,7.17%,frame_9,no movement
651,3D,Low,21,50,84,18-24,F,Mobile,4.80%,20.89%,5.44%,frame_9,"gaze, movement"
652,3D,Low,211,76,84,18-24,F,Mobile,2.82%,28.40%,10.90%,frame_5,"gaze, movement"
653,2D,Low,150,99,98,35-44,F,Desktop,6.68%,10.81%,12.47%,frame_5,"gaze, movement"
654,2D,Medium,95,75,90,25-34,F,Desktop,3.76%,37.14%,11.86%,frame_5,no movement
655,3D,Medium,136,100,89,45-54,F,Mobile,5.72%,17.94%,9.26%,frame_7,"gaze, movement"
656,AR,High,212,54,65,18-24,M,Tablet,1.99%,13.07%,5.64%,frame_1,no movement
657,3D,Low,257,107,92,18-24,M,Mobile,6.45%,9.09%,11.46%,frame_3,movement only
658,AR,High,98,82,90,18-24,F,Desktop,8.92%,24.06%,1.38%,frame_8,"gaze, movement"
659,AR,Low,103,99,54,25-34,F,Mobile,8.52%,6.61%,12.25%,frame_3,movement only
660,3D,Medium,61,92,94,35-44,M,Mobile,4.43%,30.55%,7.25%,frame_1,no movement
661,3D,Medium,283,38,88,18-24,M,Mobile,1.89%,30.89%,14.99%,frame_4,movement only
662,3D,Medium,93,52,57,25-34,M,Mobile,3.77%,32.50%,11.63%,frame_8,"gaze, movement"
663,AR,Low,56,25,87,25-34,M,Mobile,3.08%,28.41%,2.88%,frame_1,movement only
664,AR,Low,62,80,89,18-24,M,Mobile,5.76%,27.54%,4.45%,frame_1,"gaze, movement"
665,AR,Medium,291,112,76,25-34,F,Desktop,9.85%,22.67%,6.93%,frame_9,movement only
666,3D,Medium,263,18,79,18-24,M,Desktop,1.48%,14.48%,13.17%,frame_1,no movement
667,3D,Medium,105,107,59,18-24,M,Desktop,2.75%,30.10%,12.48%,frame_8,"gaze, movement"
668,AR,Medium,124,63,65,18-24,M,Desktop,4.92%,7.16%,1.03%,frame_9,"gaze, movement"
669,AR,Medium,194,94,58,25-34,M,Tablet,8.10%,33.61%,13.02%,frame_9,"gaze, movement"
670,AR,Medium,34,28,64,35-44,F,Desktop,9.22%,34.76%,11.14%,frame_5,"gaze, movement"
671,AR,Low,260,73,60,35-44,F,Mobile,1.13%,36.82%,12.92%,frame_6,movement only
672,2D,Low,79,62,56,25-34,M,Mobile,4.42%,22.35%,6.59%,frame_5,"gaze, movement"
673,2D,Medium,41,111,79,18-24,F,Mobile,4.12%,34.34%,8.98%,frame_3,movement only
674,3D,High,213,106,50,18-24,M,Tablet,2.78%,12.78%,10.00%,frame_1,movement only
675,3D,Medium,15,120,97,25-34,F,Tablet,3.23%,23.94%,5.46%,frame_10,no movement
676,AR,Low,197,75,59,45-54,F,Desktop,3.19%,24.72%,8.32%,frame_9,"gaze, movement"
677,AR,Medium,241,55,54,25-34,M,Tablet,2.15%,39.72%,2.53%,frame_2,movement only
678,AR,Medium,181,14,70,55+,M,Mobile,7.48%,19.76%,12.75%,frame_5,movement only
679,3D,Medium,222,57,100,18-24,M,Tablet,6.02%,10.56%,10.77%,frame_3,movement only
680,3D,Medium,143,109,51,25-34,F,Mobile,8.57%,6.49%,11.08%,frame_2,movement only
681,3D,Medium,146,105,97,25-34,M,Mobile,4.45%,17.94%,10.76%,frame_1,"gaze, movement"
682,AR,Medium,205,18,64,25-34,F,Desktop,3.46%,29.86%,4.68%,frame_1,"gaze, movement"
683,AR,High,140,21,52,25-34,M,Desktop,5.27%,36.86%,1.53%,frame_3,movement only
684,3D,Medium,201,57,51,18-24,F,Desktop,2.54%,31.29%,4.71%,frame_6,"gaze, movement"
685,AR,Low,196,80,68,25-34,F,Desktop,6.84%,17.68%,8.16%,frame_8,"gaze, movement"
686,AR,High,297,102,63,25-34,M,Desktop,2.49%,37.82%,10.63%,frame_2,"gaze, movement"
687,3D,Medium,154,18,60,25-34,F,Desktop,6.47%,36.93%,6.14%,frame_4,"gaze, movement"
688,3D,Medium,131,17,64,18-24,M,Desktop,2.52%,38.79%,8.22%,frame_2,movement only
689,AR,High,97,117,79,25-34,M,Tablet,4.80%,38.97%,14.91%,frame_5,no movement
690,2D,Medium,53,61,79,18-24,F,Desktop,8.79%,19.58%,13.34%,frame_8,movement only
691,3D,High,58,79,53,35-44,M,Mobile,7.77%,20.35%,1.94%,frame_6,movement only
692,AR,High,90,51,57,35-44,M,Mobile,2.95%,19.99%,9.57%,frame_8,movement only
693,3D,Medium,11,102,59,25-34,M,Mobile,6.39%,13.82%,3.16%,frame_3,movement only
694,3D,Medium,283,66,71,25-34,M,Tablet,7.76%,11.76%,10.93%,frame_7,movement only
695,3D,Medium,223,111,85,25-34,F,Mobile,3.77%,18.84%,3.18%,frame_1,movement only
696,AR,Low,158,113,61,25-34,F,Mobile,9.64%,31.14%,13.54%,frame_6,movement only
697,2D,High,248,109,81,18-24,M,Desktop,9.27%,18.77%,6.63%,frame_7,"gaze, movement"
698,3D,Medium,33,22,69,25-34,F,Tablet,3.48%,5.65%,12.21%,frame_1,"gaze, movement"
699,3D,Low,42,78,52,25-34,F,Mobile,4.54%,10.97%,9.09%,frame_10,no movement
700,AR,Medium,20,106,51,25-34,F,Mobile,3.52%,19.57%,2.19%,frame_7,movement only
701,AR,High,61,21,91,25-34,M,Mobile,2.22%,7.06%,5.53%,frame_10,"gaze, movement"
702,AR,Medium,80,97,60,35-44,M,Mobile,6.36%,12.62%,2.26%,frame_7,no movement
703,AR,High,109,69,69,35-44,M,Desktop,4.74%,38.96%,10.16%,frame_2,"gaze, movement"
704,AR,Medium,10,44,88,25-34,M,Mobile,5.51%,15.70%,8.68%,frame_4,"gaze, movement"
705,AR,Medium,219,63,51,25-34,F,Mobile,3.08%,19.02%,10.25%,frame_2,movement only
706,3D,Medium,66,60,95,45-54,F,Mobile,9.82%,33.32%,9.10%,frame_2,no movement
707,3D,Medium,164,67,67,18-24,F,Tablet,5.77%,13.44%,10.26%,frame_4,"gaze, movement"
708,3D,Low,60,107,86,25-34,M,Mobile,2.86%,28.98%,3.78%,frame_6,no movement
709,3D,Medium,12,96,100,25-34,M,Mobile,5.22%,34.65%,12.06%,frame_8,movement only
710,AR,Medium,231,59,69,25-34,M,Mobile,9.28%,31.12%,12.15%,frame_2,no movement
711,AR,Low,235,51,72,18-24,M,Mobile,4.92%,37.06%,4.90%,frame_7,"gaze, movement"
712,3D,Medium,257,81,96,35-44,F,Tablet,4.20%,9.54%,2.63%,frame_3,"gaze, movement"
713,3D,Medium,28,69,100,35-44,F,Desktop,8.58%,11.78%,14.58%,frame_2,"gaze, movement"
714,AR,Low,53,92,52,18-24,F,Desktop,9.30%,23.42%,5.80%,frame_5,no movement
715,3D,Medium,73,86,88,18-24,M,Tablet,5.42%,7.60%,7.53%,frame_10,no movement
716,2D,Low,150,53,70,25-34,F,Mobile,5.36%,22.77%,5.73%,frame_9,"gaze, movement"
717,2D,Medium,277,40,50,18-24,M,Mobile,7.07%,8.66%,5.78%,frame_1,movement only
718,3D,Medium,61,84,54,25-34,F,Desktop,6.00%,17.85%,10.33%,frame_9,"gaze, movement"
719,AR,High,263,15,54,35-44,F,Desktop,6.53%,31.54%,14.26%,frame_6,"gaze, movement"
720,3D,Low,204,43,94,25-34,F,Mobile,8.99%,12.51%,2.93%,frame_1,movement only
721,3D,High,130,75,62,35-44,M,Desktop,3.09%,34.66%,10.03%,frame_2,no movement
722,3D,Medium,129,104,100,18-24,F,Mobile,3.52%,7.86%,11.28%,frame_7,no movement
723,3D,Low,13,78,61,25-34,M,Desktop,2.45%,17.70%,12.28%,frame_7,no movement
724,3D,Medium,208,108,92,25-34,M,Mobile,9.04%,31.51%,14.77%,frame_2,no movement
725,AR,Medium,112,41,98,18-24,M,Mobile,5.32%,32.69%,2.44%,frame_7,"gaze, movement"
726,AR,Medium,94,51,76,25-34,M,Mobile,1.79%,20.61%,3.10%,frame_1,no movement
727,3D,Low,287,82,75,35-44,F,Mobile,5.32%,31.05%,1.58%,frame_3,"gaze, movement"
728,2D,Medium,89,43,58,35-44,F,Mobile,3.79%,9.35%,4.80%,frame_9,"gaze, movement"
729,AR,Medium,262,93,62,18-24,M,Mobile,4.34%,27.46%,2.47%,frame_1,movement only
730,3D,Medium,80,10,60,18-24,M,Desktop,8.27%,31.61%,12.05%,frame_2,movement only
731,3D,Low,123,25,62,25-34,M,Mobile,3.55%,11.60%,3.78%,frame_5,"gaze, movement"
732,3D,High,153,116,88,35-44,M,Mobile,4.76%,35.79%,10.21%,frame_8,"gaze, movement"
733,AR,Medium,67,91,85,45-54,M,Tablet,2.10%,17.03%,14.87%,frame_5,movement only
734,3D,High,69,39,83,35-44,M,Mobile,5.25%,23.38%,4.10%,frame_6,movement only
735,3D,Medium,132,10,88,18-24,F,Mobile,7.62%,23.47%,2.49%,frame_2,movement only
736,2D,Low,291,93,51,25-34,F,Tablet,4.35%,38.86%,12.39%,frame_10,movement only
737,AR,High,300,93,56,25-34,M,Mobile,7.67%,28.28%,3.32%,frame_9,"gaze, movement"
738,AR,Medium,222,100,66,25-34,M,Mobile,2.47%,24.57%,4.32%,frame_1,"gaze, movement"
739,2D,High,298,75,83,18-24,M,Mobile,3.13%,39.66%,14.85%,frame_6,"gaze, movement"
740,3D,Medium,43,117,55,45-54,M,Desktop,1.20%,18.64%,7.29%,frame_1,"gaze, movement"
741,AR,Medium,43,100,93,25-34,F,Mobile,7.19%,30.25%,1.17%,frame_2,movement only
742,AR,Low,265,13,65,18-24,M,Tablet,3.83%,14.99%,10.63%,frame_10,"gaze, movement"
743,2D,Low,225,33,77,55+,M,Tablet,7.69%,36.60%,4.47%,frame_8,movement only
744,2D,High,81,47,82,35-44,M,Mobile,1.39%,27.86%,8.43%,frame_10,movement only
745,3D,High,140,13,54,25-34,F,Desktop,7.95%,7.12%,3.34%,frame_4,movement only
746,AR,High,31,69,58,35-44,M,Mobile,9.18%,23.18%,12.87%,frame_6,no movement
747,3D,Medium,246,106,64,35-44,F,Desktop,6.45%,21.06%,12.69%,frame_3,movement only
748,2D,Low,143,107,89,45-54,F,Desktop,2.30%,26.85%,5.22%,frame_9,no movement
749,3D,Low,150,60,80,25-34,F,Mobile,2.91%,15.22%,12.52%,frame_10,movement only
750,3D,High,178,15,51,18-24,F,Mobile,9.35%,19.68%,11.53%,frame_10,no movement
751,AR,High,134,61,90,35-44,M,Mobile,4.01%,28.13%,7.34%,frame_9,"gaze, movement"
752,AR,Low,212,31,62,25-34,M,Mobile,1.17%,15.61%,3.25%,frame_3,"gaze, movement"
753,3D,Low,145,75,52,35-44,M,Desktop,4.79%,19.46%,10.46%,frame_8,movement only
754,AR,High,230,114,88,25-34,F,Desktop,2.43%,37.34%,9.20%,frame_7,movement only
755,3D,Medium,110,86,63,25-34,F,Mobile,1.39%,11.69%,12.97%,frame_2,no movement
756,3D,Medium,187,79,100,35-44,F,Mobile,1.84%,24.93%,14.54%,frame_8,no movement
757,3D,Low,97,17,85,35-44,M,Mobile,2.16%,12.26%,2.13%,frame_8,"gaze, movement"
758,3D,Medium,225,70,94,35-44,M,Desktop,6.18%,7.42%,2.90%,frame_4,"gaze, movement"
759,3D,Medium,207,108,53,18-24,F,Desktop,8.12%,29.44%,3.18%,frame_3,movement only
760,2D,Low,182,42,61,25-34,M,Tablet,9.12%,6.31%,1.40%,frame_4,"gaze, movement"
761,AR,Low,34,116,82,25-34,F,Mobile,6.61%,18.48%,2.05%,frame_10,movement only
762,2D,Low,172,10,92,18-24,F,Desktop,7.55%,22.63%,2.98%,frame_4,"gaze, movement"
763,AR,High,286,97,81,18-24,M,Mobile,6.48%,24.91%,10.63%,frame_1,movement only
764,2D,Low,13,69,90,35-44,F,Mobile,3.68%,35.72%,6.65%,frame_10,movement only
765,3D,High,49,87,72,18-24,M,Mobile,6.54%,33.53%,8.31%,frame_4,no movement
766,2D,High,46,75,79,18-24,F,Mobile,3.96%,26.89%,3.52%,frame_3,movement only
767,2D,High,21,101,75,35-44,M,Mobile,6.88%,32.84%,8.18%,frame_5,"gaze, movement"
768,3D,Low,178,82,66,25-34,F,Desktop,4.23%,18.51%,4.33%,frame_1,movement only
769,3D,Medium,161,21,66,45-54,F,Desktop,3.60%,27.22%,11.06%,frame_9,"gaze, movement"
770,2D,Medium,259,80,68,35-44,M,Mobile,2.76%,20.12%,5.13%,frame_3,movement only
771,AR,Medium,159,67,84,45-54,F,Mobile,7.62%,9.13%,14.00%,frame_8,no movement
772,AR,Low,74,59,89,35-44,F,Mobile,1.33%,18.97%,9.69%,frame_6,movement only
773,AR,High,98,30,95,25-34,F,Desktop,8.82%,11.49%,12.81%,frame_4,no movement
774,AR,High,93,97,66,35-44,M,Mobile,6.94%,38.05%,3.54%,frame_4,"gaze, movement"
775,AR,Low,67,78,98,25-34,M,Mobile,5.21%,8.78%,2.59%,frame_5,"gaze, movement"
776,3D,Medium,244,19,72,18-24,F,Mobile,8.88%,25.21%,1.72%,frame_4,movement only
777,2D,Low,53,27,68,25-34,F,Mobile,4.99%,5.61%,10.94%,frame_3,"gaze, movement"
778,2D,High,279,103,53,18-24,F,Mobile,9.03%,36.60%,2.49%,frame_5,no movement
779,2D,High,173,37,93,35-44,F,Mobile,1.48%,18.76%,13.78%,frame_6,no movement
780,3D,Medium,21,120,80,18-24,F,Mobile,7.36%,39.28%,5.15%,frame_9,movement only
781,2D,Medium,19,61,90,25-34,F,Mobile,8.75%,6.88%,9.63%,frame_2,no movement
782,AR,Medium,195,109,77,25-34,F,Desktop,6.91%,10.66%,4.13%,frame_4,movement only
783,AR,Medium,149,117,95,18-24,F,Tablet,8.24%,10.30%,7.76%,frame_2,movement only
784,3D,Medium,242,60,65,18-24,F,Mobile,6.69%,15.44%,11.66%,frame_3,"gaze, movement"
785,AR,Medium,142,64,82,18-24,F,Mobile,4.09%,33.05%,5.70%,frame_8,movement only
786,3D,Medium,162,67,61,25-34,F,Mobile,6.26%,8.56%,1.92%,frame_3,"gaze, movement"
787,AR,High,207,88,97,25-34,F,Desktop,3.30%,38.75%,10.83%,frame_6,movement only
788,AR,High,178,91,90,18-24,F,Tablet,8.45%,25.59%,14.26%,frame_1,"gaze, movement"
789,AR,Medium,92,32,52,25-34,M,Mobile,1.92%,17.29%,9.00%,frame_3,movement only
790,AR,Medium,271,69,66,25-34,M,Mobile,5.03%,19.38%,3.63%,frame_1,movement only
791,3D,Low,56,31,89,18-24,M,Tablet,2.84%,26.73%,2.55%,frame_8,"gaze, movement"
792,3D,Low,185,26,81,45-54,F,Mobile,2.54%,16.64%,13.59%,frame_4,"gaze, movement"
793,AR,High,88,103,55,18-24,M,Mobile,3.39%,18.10%,13.93%,frame_3,movement only
794,3D,High,146,96,55,35-44,F,Mobile,6.95%,25.59%,4.60%,frame_2,"gaze, movement"
795,AR,High,253,49,83,18-24,M,Desktop,6.09%,35.77%,14.49%,frame_3,movement only
796,AR,Medium,287,79,96,25-34,F,Mobile,4.31%,15.44%,7.83%,frame_1,movement only
797,2D,High,80,118,52,18-24,M,Mobile,4.98%,36.77%,4.55%,frame_3,"gaze, movement"
798,3D,Low,298,115,97,25-34,M,Mobile,7.19%,34.97%,14.67%,frame_7,"gaze, movement"
799,3D,High,157,47,91,18-24,F,Tablet,7.52%,8.82%,12.51%,frame_7,"gaze, movement"
800,3D,Low,291,41,53,18-24,M,Desktop,8.92%,32.41%,11.08%,frame_4,"gaze, movement"
801,3D,Medium,89,52,100,35-44,F,Mobile,8.40%,14.47%,6.38%,frame_3,movement only
802,3D,Medium,197,27,97,25-34,M,Mobile,2.77%,20.00%,12.05%,frame_5,movement only
803,3D,Medium,106,65,95,25-34,M,Mobile,4.30%,26.59%,3.49%,frame_1,movement only
804,2D,Low,251,82,81,18-24,M,Mobile,1.26%,5.57%,11.75%,frame_3,movement only
805,3D,Medium,204,39,72,25-34,F,Tablet,2.90%,29.98%,8.84%,frame_9,movement only
806,AR,Medium,108,116,60,35-44,M,Mobile,6.00%,23.40%,7.73%,frame_2,"gaze, movement"
807,3D,Medium,102,36,55,45-54,F,Mobile,2.07%,39.80%,7.74%,frame_10,movement only
808,3D,High,256,43,99,18-24,M,Mobile,2.60%,34.24%,11.46%,frame_10,movement only
809,2D,Medium,208,105,65,18-24,M,Desktop,1.30%,31.85%,1.22%,frame_2,movement only
810,AR,High,252,22,64,25-34,F,Desktop,7.14%,30.92%,2.06%,frame_5,no movement
811,AR,Medium,231,26,68,35-44,F,Desktop,1.25%,34.66%,7.87%,frame_7,movement only
812,3D,Medium,137,112,61,25-34,M,Mobile,1.94%,20.39%,9.20%,frame_6,"gaze, movement"
813,3D,High,243,18,61,25-34,F,Desktop,3.74%,29.10%,3.10%,frame_8,"gaze, movement"
814,2D,Medium,258,84,70,25-34,F,Mobile,1.86%,31.48%,9.78%,frame_6,no movement
815,3D,Medium,162,62,93,35-44,M,Mobile,7.66%,26.00%,4.39%,frame_5,"gaze, movement"
816,AR,Medium,30,40,86,25-34,M,Mobile,7.79%,13.01%,11.29%,frame_1,no movement
817,2D,Medium,260,59,91,35-44,F,Desktop,3.24%,24.12%,4.64%,frame_8,no movement
818,AR,Medium,246,113,71,25-34,M,Mobile,9.02%,36.70%,12.10%,frame_6,"gaze, movement"
819,3D,Medium,250,105,69,25-34,M,Mobile,4.54%,7.34%,7.69%,frame_10,movement only
820,AR,Medium,250,26,83,25-34,F,Mobile,6.62%,13.31%,2.72%,frame_4,"gaze, movement"
821,AR,Medium,177,57,99,35-44,M,Mobile,8.76%,34.49%,1.93%,frame_10,movement only
822,2D,Medium,139,104,85,55+,F,Tablet,2.32%,6.06%,3.99%,frame_8,no movement
823,2D,Medium,111,64,66,18-24,F,Desktop,7.47%,33.85%,7.29%,frame_3,movement only
824,2D,High,232,46,62,25-34,F,Mobile,1.06%,34.11%,7.99%,frame_10,no movement
825,3D,Low,75,81,53,25-34,M,Desktop,1.44%,9.58%,3.76%,frame_9,movement only
826,AR,Medium,139,43,94,55+,F,Mobile,7.03%,15.23%,11.08%,frame_4,"gaze, movement"
827,3D,Low,136,73,55,18-24,M,Mobile,4.23%,6.07%,2.66%,frame_4,"gaze, movement"
828,AR,Medium,181,22,61,35-44,F,Desktop,7.28%,32.89%,12.98%,frame_7,no movement
829,AR,Medium,78,101,87,25-34,F,Mobile,8.53%,33.29%,6.08%,frame_7,movement only
830,2D,Medium,130,43,64,35-44,F,Desktop,3.25%,19.03%,2.02%,frame_2,"gaze, movement"
831,2D,High,114,58,99,18-24,M,Mobile,2.42%,31.48%,10.15%,frame_4,movement only
832,2D,Medium,279,103,51,35-44,F,Desktop,3.02%,37.07%,10.54%,frame_9,"gaze, movement"
833,AR,Medium,108,16,69,25-34,M,Mobile,9.52%,22.31%,4.22%,frame_7,no movement
834,3D,Medium,197,47,97,25-34,M,Mobile,6.81%,22.37%,7.72%,frame_5,movement only
835,AR,High,281,48,86,18-24,M,Desktop,1.91%,29.79%,6.36%,frame_7,"gaze, movement"
836,3D,High,290,108,71,35-44,M,Mobile,2.70%,13.05%,4.16%,frame_7,movement only
837,AR,Low,87,82,95,35-44,M,Mobile,1.40%,17.64%,10.76%,frame_1,movement only
838,2D,High,263,35,100,35-44,F,Mobile,5.51%,20.78%,9.18%,frame_2,no movement
839,3D,High,118,23,64,25-34,F,Mobile,6.89%,27.08%,1.91%,frame_2,movement only
840,2D,Medium,224,34,76,18-24,F,Mobile,4.88%,31.99%,7.47%,frame_5,no movement
841,3D,Low,99,35,66,35-44,M,Desktop,3.84%,22.53%,2.59%,frame_7,no movement
842,AR,Medium,180,23,83,18-24,M,Tablet,4.89%,38.38%,7.88%,frame_10,"gaze, movement"
843,3D,High,209,20,71,35-44,F,Desktop,3.77%,34.91%,11.28%,frame_9,"gaze, movement"
844,3D,Medium,171,116,98,25-34,M,Mobile,6.40%,23.59%,5.09%,frame_4,"gaze, movement"
845,3D,High,60,104,59,25-34,F,Desktop,4.32%,29.72%,8.07%,frame_3,"gaze, movement"
846,3D,Medium,259,73,53,45-54,M,Mobile,1.59%,6.02%,3.01%,frame_6,movement only
847,AR,Medium,173,19,84,25-34,M,Mobile,7.34%,29.52%,12.95%,frame_10,movement only
848,AR,Low,61,107,68,35-44,F,Desktop,4.50%,31.74%,11.33%,frame_10,"gaze, movement"
849,AR,Medium,226,107,89,35-44,M,Mobile,1.79%,26.11%,11.66%,frame_2,"gaze, movement"
850,AR,Medium,286,115,94,25-34,M,Desktop,7.63%,7.71%,9.52%,frame_10,movement only
851,AR,Medium,101,11,50,25-34,M,Desktop,1.66%,17.73%,10.36%,frame_4,movement only
852,2D,High,48,48,69,35-44,F,Desktop,3.11%,26.61%,7.32%,frame_8,no movement
853,3D,High,220,112,58,35-44,F,Mobile,6.27%,33.35%,2.45%,frame_4,"gaze, movement"
854,AR,Low,36,95,88,25-34,F,Mobile,5.50%,13.13%,9.40%,frame_2,movement only
855,3D,Medium,93,83,70,25-34,F,Desktop,2.35%,5.26%,10.43%,frame_10,"gaze, movement"
856,3D,Medium,153,93,79,25-34,F,Mobile,8.53%,8.07%,6.45%,frame_4,no movement
857,AR,Medium,15,43,92,35-44,F,Mobile,7.73%,20.63%,5.85%,frame_1,"gaze, movement"
858,AR,High,226,108,77,18-24,F,Mobile,8.74%,22.23%,8.21%,frame_8,"gaze, movement"
859,3D,Medium,208,27,79,18-24,M,Mobile,3.10%,28.49%,4.84%,frame_5,"gaze, movement"
860,3D,Medium,16,85,85,25-34,F,Mobile,5.48%,30.38%,4.14%,frame_10,"gaze, movement"
861,2D,Low,231,83,95,18-24,M,Mobile,9.58%,17.42%,13.60%,frame_4,movement only
862,3D,High,300,83,59,18-24,F,Mobile,2.30%,18.80%,6.17%,frame_8,movement only
863,2D,Low,202,98,86,18-24,M,Desktop,4.01%,37.49%,13.00%,frame_5,movement only
864,2D,Low,73,67,91,25-34,F,Mobile,3.53%,33.07%,4.05%,frame_1,"gaze, movement"
865,3D,Medium,91,11,80,35-44,F,Mobile,9.11%,37.98%,9.43%,frame_8,"gaze, movement"
866,3D,Medium,96,17,90,25-34,F,Mobile,7.22%,34.74%,7.05%,frame_7,"gaze, movement"
867,3D,Medium,175,108,51,25-34,M,Mobile,3.09%,33.69%,5.49%,frame_7,no movement
868,3D,High,219,22,68,18-24,F,Desktop,6.08%,7.43%,3.87%,frame_2,movement only
869,3D,Medium,31,32,55,35-44,M,Mobile,2.38%,17.44%,7.18%,frame_3,"gaze, movement"
870,3D,Medium,87,40,71,35-44,F,Desktop,1.70%,32.68%,7.70%,frame_10,"gaze, movement"
871,AR,Low,248,76,77,25-34,F,Desktop,1.32%,28.55%,10.49%,frame_4,movement only
872,3D,Low,128,101,71,18-24,F,Desktop,3.09%,32.37%,10.52%,frame_1,"gaze, movement"
873,3D,Medium,269,64,56,18-24,M,Mobile,9.19%,13.95%,7.72%,frame_2,"gaze, movement"
874,AR,High,236,23,93,45-54,F,Desktop,5.85%,25.79%,4.00%,frame_5,movement only
875,AR,High,250,92,96,18-24,F,Mobile,7.84%,29.69%,3.65%,frame_1,no movement
876,2D,Medium,214,114,53,25-34,M,Tablet,5.40%,25.94%,4.85%,frame_8,movement only
877,2D,High,33,119,51,35-44,M,Tablet,2.78%,33.45%,9.94%,frame_1,"gaze, movement"
878,AR,Medium,80,84,70,25-34,M,Tablet,8.89%,30.77%,1.62%,frame_6,"gaze, movement"
879,AR,High,75,96,54,25-34,M,Mobile,9.93%,21.10%,14.87%,frame_2,no movement
880,3D,High,160,23,97,18-24,F,Mobile,3.10%,31.73%,5.29%,frame_10,movement only
881,3D,Low,129,23,59,25-34,F,Desktop,7.17%,39.84%,13.22%,frame_1,"gaze, movement"
882,3D,Low,293,76,73,18-24,M,Desktop,2.35%,15.02%,7.60%,frame_1,movement only
883,3D,Low,61,98,95,25-34,M,Mobile,5.47%,5.28%,14.81%,frame_7,movement only
884,3D,High,299,10,79,18-24,F,Mobile,1.78%,29.42%,7.33%,frame_1,movement only
885,2D,Medium,43,71,50,35-44,F,Mobile,4.03%,30.57%,10.39%,frame_3,"gaze, movement"
886,AR,High,245,60,53,18-24,M,Mobile,4.67%,30.10%,5.07%,frame_3,"gaze, movement"
887,3D,High,15,108,85,25-34,M,Tablet,3.99%,29.74%,6.74%,frame_3,"gaze, movement"
888,3D,High,68,25,89,18-24,M,Mobile,4.29%,24.54%,1.48%,frame_8,"gaze, movement"
889,AR,Medium,129,54,69,25-34,F,Mobile,8.65%,28.38%,13.70%,frame_1,"gaze, movement"
890,3D,Medium,250,28,59,25-34,M,Desktop,4.02%,38.34%,4.93%,frame_10,"gaze, movement"
891,3D,Medium,99,73,64,18-24,M,Tablet,8.62%,38.58%,6.50%,frame_6,"gaze, movement"
892,3D,Medium,192,16,62,35-44,F,Mobile,3.05%,21.50%,4.18%,frame_4,"gaze, movement"
893,AR,Medium,86,110,82,55+,M,Mobile,9.80%,39.39%,6.08%,frame_5,"gaze, movement"
894,AR,Medium,203,104,54,45-54,F,Mobile,5.77%,16.44%,2.62%,frame_7,no movement
895,2D,Low,215,21,89,25-34,M,Mobile,8.10%,26.87%,7.99%,frame_1,"gaze, movement"
896,3D,High,46,36,68,18-24,M,Mobile,8.90%,22.76%,1.82%,frame_8,"gaze, movement"
897,3D,High,298,30,85,25-34,M,Desktop,2.26%,32.00%,2.54%,frame_9,movement only
898,2D,High,258,44,67,25-34,F,Desktop,3.76%,20.77%,3.24%,frame_2,"gaze, movement"
899,3D,Medium,55,107,58,18-24,M,Mobile,2.70%,36.93%,14.13%,frame_10,movement only
900,3D,Medium,66,99,58,25-34,F,Mobile,8.15%,32.30%,14.33%,frame_4,no movement
901,3D,Medium,98,99,74,25-34,M,Tablet,6.33%,17.71%,6.36%,frame_3,movement only
902,2D,Medium,76,64,84,18-24,M,Mobile,6.97%,35.78%,5.51%,frame_3,movement only
903,AR,Medium,180,93,54,25-34,F,Mobile,8.94%,13.92%,4.09%,frame_5,movement only
904,3D,Low,142,84,70,18-24,M,Tablet,8.30%,33.54%,5.38%,frame_4,"gaze, movement"
905,2D,High,179,22,60,25-34,M,Tablet,9.77%,30.68%,14.97%,frame_8,no movement
906,3D,Low,104,59,95,18-24,M,Desktop,6.35%,9.98%,10.10%,frame_3,no movement
907,AR,High,20,95,55,25-34,M,Desktop,8.97%,35.90%,6.67%,frame_8,no movement
908,AR,Medium,127,80,98,45-54,M,Desktop,4.47%,8.61%,4.85%,frame_2,"gaze, movement"
909,AR,Medium,49,19,98,45-54,M,Desktop,3.08%,14.76%,1.29%,frame_6,movement only
910,3D,Medium,38,86,77,18-24,M,Desktop,8.62%,13.90%,8.52%,frame_3,"gaze, movement"
911,3D,Medium,209,81,75,25-34,M,Mobile,6.23%,21.36%,10.72%,frame_5,movement only
912,AR,Medium,218,63,76,35-44,M,Tablet,2.05%,9.68%,13.32%,frame_3,"gaze, movement"
913,3D,Medium,109,117,76,25-34,M,Mobile,2.52%,35.83%,4.79%,frame_4,"gaze, movement"
914,3D,Low,121,34,96,18-24,M,Mobile,5.92%,12.54%,12.59%,frame_1,movement only
915,3D,High,78,80,84,25-34,M,Mobile,3.29%,34.88%,3.15%,frame_9,movement only
916,3D,Low,107,51,63,45-54,F,Tablet,2.43%,14.05%,9.47%,frame_6,"gaze, movement"
917,3D,Medium,63,46,65,25-34,F,Desktop,2.35%,32.38%,6.56%,frame_8,no movement
918,3D,Low,16,94,62,45-54,F,Desktop,2.82%,25.47%,4.59%,frame_3,no movement
919,AR,Low,56,33,62,25-34,M,Mobile,6.16%,27.90%,1.95%,frame_7,movement only
920,AR,Medium,176,44,86,55+,F,Desktop,4.47%,39.85%,11.03%,frame_10,movement only
921,2D,Low,119,30,53,45-54,M,Mobile,3.51%,14.56%,5.72%,frame_10,movement only
922,AR,Medium,249,76,63,18-24,M,Mobile,1.03%,25.19%,3.49%,frame_6,movement only
923,AR,Medium,20,21,67,35-44,M,Tablet,1.12%,20.43%,6.22%,frame_9,movement only
924,2D,Low,260,54,52,18-24,M,Mobile,4.01%,17.99%,2.08%,frame_1,no movement
925,3D,Medium,212,84,75,18-24,F,Mobile,9.63%,33.48%,7.63%,frame_10,"gaze, movement"
926,AR,High,201,103,51,25-34,F,Mobile,8.96%,9.75%,10.83%,frame_10,"gaze, movement"
927,AR,Low,221,117,83,18-24,M,Mobile,7.89%,20.02%,12.58%,frame_6,no movement
928,3D,Low,139,105,78,35-44,F,Desktop,8.57%,29.81%,8.74%,frame_4,movement only
929,3D,High,223,66,83,35-44,F,Mobile,6.22%,27.38%,6.87%,frame_10,movement only
930,3D,Low,56,93,57,18-24,F,Mobile,5.56%,22.90%,3.02%,frame_1,no movement
931,2D,Medium,293,72,51,18-24,F,Mobile,6.48%,38.75%,13.65%,frame_7,"gaze, movement"
932,AR,Medium,94,69,55,25-34,F,Mobile,3.73%,14.78%,7.73%,frame_8,movement only
933,2D,Medium,25,35,62,45-54,F,Tablet,3.29%,35.19%,4.95%,frame_1,"gaze, movement"
934,3D,Medium,237,112,84,35-44,M,Mobile,4.31%,12.30%,10.91%,frame_9,movement only
935,3D,High,105,54,53,35-44,M,Tablet,2.70%,5.21%,7.64%,frame_2,no movement
936,AR,Medium,119,72,59,25-34,M,Desktop,4.35%,33.14%,4.73%,frame_1,"gaze, movement"
937,AR,High,87,55,54,18-24,M,Mobile,2.63%,28.95%,10.45%,frame_7,no movement
938,AR,Low,51,61,84,55+,M,Mobile,4.26%,24.34%,12.90%,frame_10,movement only
939,AR,High,34,87,80,25-34,M,Mobile,8.18%,34.40%,1.90%,frame_5,movement only
940,3D,Low,96,68,81,45-54,M,Tablet,4.29%,19.29%,10.54%,frame_7,"gaze, movement"
941,AR,Medium,242,65,70,18-24,M,Desktop,7.49%,34.31%,4.60%,frame_1,movement only
942,2D,Medium,82,52,78,18-24,F,Mobile,1.03%,21.44%,7.79%,frame_2,movement only
943,3D,Medium,184,63,50,25-34,F,Tablet,2.18%,18.97%,3.80%,frame_7,"gaze, movement"
944,AR,Low,205,113,80,35-44,F,Mobile,8.84%,26.87%,3.15%,frame_2,no movement
945,AR,Medium,229,96,67,25-34,F,Tablet,1.05%,31.44%,8.53%,frame_2,movement only
946,AR,Low,99,69,56,25-34,M,Mobile,4.81%,16.47%,9.56%,frame_5,movement only
947,3D,High,273,88,99,25-34,F,Tablet,3.52%,20.82%,11.80%,frame_6,no movement
948,AR,High,197,61,99,35-44,M,Mobile,3.49%,34.78%,11.20%,frame_2,movement only
949,3D,Medium,197,105,59,35-44,F,Mobile,8.20%,24.22%,9.03%,frame_8,"gaze, movement"
950,3D,Medium,44,20,59,35-44,F,Desktop,6.07%,10.16%,14.33%,frame_5,"gaze, movement"
951,3D,Medium,31,114,75,18-24,M,Mobile,7.66%,37.53%,3.95%,frame_6,no movement
952,3D,Low,212,78,65,18-24,M,Desktop,7.34%,30.84%,8.32%,frame_5,"gaze, movement"
953,3D,High,259,44,84,35-44,M,Mobile,7.05%,31.09%,7.09%,frame_9,no movement
954,AR,Medium,116,13,94,45-54,M,Desktop,8.95%,31.20%,8.62%,frame_7,no movement
955,2D,Medium,131,50,97,35-44,F,Mobile,8.81%,28.52%,6.97%,frame_8,no movement
956,3D,High,68,80,86,35-44,M,Desktop,5.47%,37.53%,14.14%,frame_4,"gaze, movement"
957,3D,Low,38,59,81,18-24,F,Tablet,5.50%,27.10%,8.43%,frame_9,"gaze, movement"
958,3D,Medium,191,109,96,35-44,M,Mobile,9.20%,10.91%,6.05%,frame_5,movement only
959,AR,Medium,135,120,98,18-24,M,Desktop,9.84%,20.40%,4.11%,frame_4,movement only
960,3D,High,243,59,83,35-44,M,Desktop,5.76%,17.46%,14.61%,frame_1,no movement
961,AR,Medium,79,23,94,25-34,F,Desktop,2.60%,11.24%,2.90%,frame_2,"gaze, movement"
962,3D,Medium,173,115,94,25-34,F,Mobile,6.83%,39.93%,10.81%,frame_5,"gaze, movement"
963,2D,High,86,76,80,35-44,M,Mobile,8.12%,26.63%,4.99%,frame_5,movement only
964,AR,Medium,118,53,88,25-34,F,Mobile,9.78%,13.05%,5.90%,frame_9,"gaze, movement"
965,AR,Medium,225,98,91,35-44,M,Mobile,9.27%,16.30%,7.71%,frame_7,movement only
966,AR,Medium,147,103,80,35-44,M,Mobile,7.67%,10.82%,4.93%,frame_4,"gaze, movement"
967,3D,High,178,72,69,25-34,M,Desktop,4.65%,13.18%,13.39%,frame_9,"gaze, movement"
968,3D,Low,214,31,80,18-24,M,Tablet,8.03%,12.57%,8.41%,frame_7,"gaze, movement"
969,2D,Medium,148,56,76,18-24,F,Desktop,6.73%,20.13%,1.37%,frame_10,no movement
970,3D,Medium,129,50,50,25-34,F,Mobile,3.83%,34.72%,7.90%,frame_10,"gaze, movement"
971,2D,High,139,87,92,25-34,M,Mobile,5.06%,15.43%,8.66%,frame_7,no movement
972,2D,Medium,80,61,64,25-34,F,Desktop,4.28%,10.92%,2.72%,frame_3,movement only
973,2D,Medium,176,109,93,35-44,F,Tablet,3.67%,19.74%,14.34%,frame_3,no movement
974,2D,Medium,106,31,78,25-34,F,Desktop,4.30%,15.34%,1.31%,frame_6,no movement
975,AR,Medium,232,28,63,35-44,F,Mobile,3.95%,16.17%,2.46%,frame_4,"gaze, movement"
976,AR,High,59,40,52,18-24,M,Tablet,4.25%,35.67%,3.89%,frame_8,movement only
977,AR,Low,82,54,82,25-34,M,Mobile,9.21%,33.43%,3.47%,frame_3,"gaze, movement"
978,3D,Medium,107,50,56,18-24,M,Mobile,1.02%,9.63%,8.03%,frame_10,movement only
979,AR,Low,76,17,84,35-44,M,Mobile,6.00%,7.99%,13.26%,frame_4,no movement
980,3D,High,191,39,76,35-44,F,Mobile,1.01%,31.25%,10.68%,frame_5,movement only
981,3D,High,239,27,82,25-34,F,Tablet,7.72%,6.22%,5.73%,frame_9,movement only
982,3D,High,181,22,52,55+,F,Desktop,2.78%,19.51%,8.86%,frame_1,no movement
983,3D,Medium,233,63,77,35-44,F,Tablet,6.94%,11.91%,4.69%,frame_2,"gaze, movement"
984,3D,Low,255,60,70,25-34,M,Desktop,6.87%,19.26%,11.13%,frame_7,movement only
985,3D,High,122,93,94,25-34,M,Desktop,7.61%,35.28%,9.16%,frame_3,movement only
986,2D,Medium,223,35,51,25-34,M,Mobile,7.10%,23.98%,11.81%,frame_1,"gaze, movement"
987,3D,Low,287,102,97,18-24,F,Tablet,7.65%,12.59%,11.08%,frame_2,"gaze, movement"
988,AR,Medium,106,92,58,25-34,M,Desktop,5.37%,26.40%,11.87%,frame_2,movement only
989,AR,Low,28,117,54,45-54,M,Mobile,3.54%,38.38%,10.18%,frame_10,no movement
990,3D,High,25,86,97,25-34,M,Mobile,5.93%,14.80%,10.22%,frame_2,"gaze, movement"
991,3D,Medium,20,18,78,18-24,F,Mobile,7.71%,8.43%,11.30%,frame_1,"gaze, movement"
992,AR,High,168,84,67,18-24,M,Mobile,5.86%,13.49%,2.89%,frame_2,no movement
993,AR,Low,287,105,94,18-24,F,Mobile,3.43%,24.23%,2.49%,frame_8,"gaze, movement"
994,AR,High,209,65,63,25-34,M,Mobile,4.29%,5.50%,12.02%,frame_9,no movement
995,AR,Low,178,101,100,18-24,M,Mobile,2.66%,33.38%,8.03%,frame_1,movement only
996,AR,High,191,104,72,18-24,M,Desktop,4.59%,37.66%,3.48%,frame_8,movement only
997,AR,Medium,250,90,93,18-24,M,Mobile,8.59%,20.32%,2.87%,frame_2,movement only
998,2D,Medium,280,109,87,35-44,M,Mobile,4.51%,25.61%,6.62%,frame_8,no movement
999,3D,Medium,176,22,97,18-24,F,Mobile,4.99%,5.06%,2.28%,frame_5,no movement
1000,AR,Medium,285,117,60,45-54,M,Mobile,7.41%,36.87%,6.28%,frame_8,"gaze, movement"
